Name,Team,Url,Type,ValueinCR,Full Name,Born,Age,National Side,Batting Style,Bowling,Sport,MatchPlayed,InningsBatted,NotOuts,RunsScored,HighestInnScore,100s,50s,4s,6s,BattingAVG,BattingS/R,CatchesTaken,StumpingsMade,Ducks,R/O,InningsBowled,Overs,Maidens,RunsConceded,Wickets,Best,3s,5s,BowlingAVG,EconomyRate,S/R,Mtc
Mayank Agarwal,PBKS,https://sports.ndtv.com/cricket/players/1430-mayank-agarwal-playerprofile,Batsman ,12.00,Mayank Anurag Agarwal,"February 16, 1991 Bangalore, Karnataka","31 Years, 0 Months, 28 Days",India,Right Handed,Off break,T20 Domestic,40,40,6,1375,119* v MU,3,6,130,55,40.44,142.48,19,0,0,2,6,9.1,0,51,2,1/4 v RS,0,0,25.50,5.56,27.50,6
Liam Livingstone,PBKS,https://sports.ndtv.com/cricket/players/64363-liam-stephen-livingstone-playerprofile,All-Rounder ,11.50,Liam Stephen Livingstone,"August 4, 1993 Barrow-in-Furness, Cumberland","28 Years, 7 Months, 11 Days",England,Right Handed,Leg break,T20 International,17,13,1,285,103 v PAK,1,0,14,20,23.75,158.33,8,0,1,2,12,33,0,235,12,2/15 v BAN,0,0,19.58,7.12,16.50,12
Kagiso Rabada,PBKS,https://sports.ndtv.com/cricket/players/64042-kagiso-rabada-playerprofile,Bowler ,9.25,Kagiso Rabada,"May 25, 1995 Johannesburg","26 Years, 9 Months, 22 Days",South Africa,Left Handed,Right-arm fast,T20 International,40,15,11,121,22 v AUS,0,0,11,5,30.25,116.34,12,0,4,0,40,145.1,0,1245,49,3/20 v BAN,5,0,25.40,8.57,17.77,40
Shahrukh Khan,PBKS,https://sports.ndtv.com/cricket/players/113433-shahrukh-khan-playerprofile,All-Rounder ,9.00,Masood Shahrukh Khan,"May 27, 1995 Chennai, Tamil Nadu","26 Years, 9 Months, 20 Days",India,Right Handed,Off break,T20 Domestic,37,35,3,861,86 v DD,0,6,80,40,26.90,141.14,17,0,2,2,9,18,0,163,1,1/20 v CSG,0,0,163.00,9.05,108.00,9
Shikhar Dhawan,PBKS,https://sports.ndtv.com/cricket/players/737-shikhar-dhawan-playerprofile,Batsman ,8.25,Shikhar Dhawan,"December 5, 1985 Delhi","36 Years, 3 Months, 10 Days",India,Left Handed,Off break,,68,66,3,1759,92 v WI,0,11,191,50,27.92,126.36,19,0,2,5,,,,,,,,,,,,
Jonny Bairstow,PBKS,https://sports.ndtv.com/cricket/players/1551-jonny-bairstow-playerprofile,Wicket-Keeper ,6.75,Jonathan Marc Bairstow,"September 26, 1989 Bradford, Yorkshire","32 Years, 5 Months, 19 Days",England,Right Handed,Right-arm medium,,63,57,12,1190,86* v SA,0,7,111,49,26.44,135.84,44,1,5,0,,,,,,,,,,,,
Odean Smith,PBKS,https://sports.ndtv.com/cricket/players/108548-odean-smith-playerprofile,All-Rounder ,6.00,Odean Fabian Smith,"November 1, 1996 St. Elizabeth, Jamaica","25 Years, 4 Months, 14 Days",West Indies,Right Handed,Right-arm medium,T20 International,10,5,0,53,24 v PAK,0,0,4,4,10.60,155.88,6,0,0,0,9,25,0,278,7,2/24 v PAK,0,0,39.71,11.12,21.42,9
Rahul Chahar,PBKS,https://sports.ndtv.com/cricket/players/107512-rahul-chahar-playerprofile,Bowler ,5.25,Rahul Desraj Chahar,"August 4, 1999 Bharaatpur, Rajasthan","22 Years, 7 Months, 12 Days",India,Right Handed,Leg break googly,T20 International,6,1,0,5,5 v SL,0,0,1,0,5.00,100.00,3,0,0,0,6,22,0,167,7,3/15 v SL,1,0,23.85,7.59,18.85,6
Arshdeep Singh,PBKS,https://sports.ndtv.com/cricket/players/108557-arshdeep-singh-playerprofile,Bowler ,4.00,Arshdeep Singh,"February 5, 1999 Guna, Madhya Pradesh","23 Years, 1 Months, 8 Days",India,Left Handed,Left-arm medium fast,,,,,,,,,,,,,,,,,,,,,,,,,,,,
Harpreet Brar,PBKS,https://sports.ndtv.com/cricket/players/110975-harpreet-brar-playerprofile,All-Rounder ,3.80,Harpreet Brar,"September 16, 1995 Moga, Punjab","26 Years, 6 Months, 0 Days",India,Left Handed,Slow left-arm orthodox,,,,,,,,,,,,,,,,,,,,,,,,,,,,
Vaibhav Arora,PBKS,https://sports.ndtv.com/cricket/players/113442-vaibhav-arora-playerprofile,Bowler ,2.00,Vaibhav Gopal Arora,"December 14, 1997 Himachal Pradesh","24 Years, 3 Months, 1 Days",India,Right Handed,Right-arm fast medium,,,,,,,,,,,,,,,,,,,,,,,,,,,,
Raj Bawa,PBKS,https://sports.ndtv.com/cricket/players/114984-raj-angad-bawa-playerprofile,All-Rounder ,2.00,Raj Angad Bawa,"November 12, 2002 Nahan, Himachal Pradesh","19 Years, 4 Months, 3 Days",India,Left Handed,Right-arm medium fast,,,,,,,,,,,,,,,,,,,,,,,,,,,,
Nathan Ellis,PBKS,https://sports.ndtv.com/cricket/players/113454-nathan-ellis-playerprofile,Bowler ,0.75,Nathan Ellis,"September 22, 1994 Greenacre, New South Wales","27 Years, 5 Months, 23 Days",Australia,Right Handed,Right-arm fast medium,T20 International,2,1,0,1,1 v BAN,0,0,0,0,1.00,14.28,,,0,0,2,8,0,50,5,3/34 v BAN,1,0,10.00,6.25,9.60,2
Prabhsimran Singh,PBKS,https://sports.ndtv.com/cricket/players/110976-simran-singh-playerprofile,Wicket-Keeper ,0.60,Prabhsimran Singh,"August 10, 2000 ","21 Years, 7 Months, 5 Days",India,Right Handed,,,,,,,,,,,,,,,,,,,,,,,,,,,,,
Rishi Dhawan,PBKS,https://sports.ndtv.com/cricket/players/1131-rishi-dhawan-playerprofile,All-Rounder ,0.55,Rishi Dhawan,"February 19, 1990 Mandi, Himachal Pradesh","32 Years, 0 Months, 24 Days",India,Right Handed,Right-arm medium fast,T20 International,1,1,1,1,1* v ZIM,0,0,0,0,,50.00,2,0,0,0,1,4,0,42,1,1/42 v ZIM,0,0,42.00,10.50,24.00,1
Bhanuka Rajapaksa,PBKS,https://sports.ndtv.com/cricket/players/43735-pramod-bhanuka-bandara-rajapaksa-playerprofile,Batsman ,0.50,Pramod Bhanuka Bandara Rajapaksa,"October 24, 1991","30 Years, 4 Months, 23 Days",Sri Lanka,,,Cricket,,,,,,,,,,,,,,,,,,,,,,,,,,,
Sandeep Sharma,PBKS,https://sports.ndtv.com/cricket/players/1431-sandeep-sharma-playerprofile,Bowler ,0.50,Sandeep Sharma,"May 18, 1993 Patiala, Punjab","28 Years, 9 Months, 28 Days",India,Right Handed,Right-arm medium,T20 International,2,1,1,1,1* v ZIM,0,0,0,0,,100.00,,,0,0,2,7,0,73,1,1/39 v ZIM,0,0,73.00,10.42,42.00,2
Benny Howell,PBKS,https://sports.ndtv.com/cricket/players/45414-benny-alexander-cameron-howell-playerprofile,All-Rounder ,0.40,Benny Alexander Cameron Howell,"October 05, 1988","33 Years, 5 Months, 10 Days",England,,,Cricket,,,,,,,,,,,,,,,,,,,,,,,,,,,
Ishan Porel,PBKS,https://sports.ndtv.com/cricket/players/108572-ishan-porel-playerprofile,Bowler ,0.25,Ishan Chandranath Porel,"September 5, 1998 Hooghly, Bengal","23 Years, 6 Months, 10 Days",India,Right Handed,Right-arm medium,,,,,,,,,,,,,,,,,,,,,,,,,,,,
Prerak Mankad,PBKS,https://sports.ndtv.com/cricket/players/107510-prerak-mankad-playerprofile,All-Rounder ,0.20,Prerak Nileshkumar Mankad,"April 23, 1994 Sirohi, Saurashtra","27 Years, 10 Months, 22 Days",India,Right Handed,Right-arm medium,T20 Domestic,5,4,1,87,28* v GG,0,0,9,1,29.00,129.85,6,0,0,0,5,16,0,121,4,2/24 v GG,0,0,30.25,7.56,24.00,5
Atharva Taide,PBKS,https://sports.ndtv.com/cricket/players/110595-atharwa-taide-playerprofile,All-Rounder ,0.20,Atharva Taide,"April 26, 2000 Akola Maharashtra","21 Years, 10 Months, 19 Days",India,Left Handed,Slow left-arm orthodox,T20 Domestic,10,10,1,328,106* v ORG,1,2,38,7,36.44,129.13,6,0,1,0,4,10,0,89,2,2/30 v YLW,0,0,44.50,8.90,30.00,4
Ansh Patel,PBKS,https://sports.ndtv.com/cricket/players/113486-ansh-p-patel-playerprofile,All-Rounder ,0.20,Ansh Pradipkumar Patel,"February 19, 2002 Vadodara, Gujarat","20 Years, 0 Months, 24 Days",India,Right Handed,Slow left-arm orthodox,,,,,,,,,,,,,,,,,,,,,,,,,,,,
Jitesh Sharma,PBKS,https://sports.ndtv.com/cricket/players/106754-jitesh-sharma-playerprofile,Wicket-Keeper ,0.20,Jitesh Mohan Sharma,"October 22, 1993 Amrawati, Maharashtra","28 Years, 4 Months, 24 Days",India,Right Handed,,,12,11,2,208,44 v GRN,0,0,15,15,23.11,157.57,9,1,1,0,,,,,,,,,,,,
Writtick Chatterjee,PBKS,https://sports.ndtv.com/cricket/players/64856-writtick-bijoy-chatterjee-playerprofile,All-Rounder ,0.20,Writtick Bijoy Chatterjee,"September 28, 1992 Jamtara, Bengal","29 Years, 5 Months, 17 Days",India,Right Handed,Off break,T20 Domestic,19,17,7,206,43 v KAC,0,0,14,7,20.60,110.75,6,0,1,1,19,61,2,359,23,3/6 v EBC,2,0,15.60,5.88,15.91,19
Baltej Singh,PBKS,https://sports.ndtv.com/cricket/players/59711-baltej-singh-dhanda-playerprofile,Bowler ,0.20,Baltej Singh Dhanda,"November 4, 1990 Ludhiana, Punjab","31 Years, 4 Months, 11 Days",India,Right Handed,Right-arm medium,,,,,,,,,,,,,,,,,,,,,,,,,,,,
Kane Williamson,SRH,https://sports.ndtv.com/cricket/players/1058-kane-williamson-playerprofile,Batsman ,14.00,Kane Stuart Williamson,"August 8, 1990 Tauranga","31 Years, 7 Months, 7 Days",New Zealand,Right Handed,Off break,T20 International,74,72,10,2021,95 v IND,0,14,202,46,32.59,123.98,34,0,4,9,12,19.4,0,164,6,2/16 v BAN,0,0,27.33,8.33,19.66,12
Nicholas Pooran,SRH,https://sports.ndtv.com/cricket/players/1720-nicolas-pooran-playerprofile,Wicket-Keeper ,10.75,Nicholas Pooran,"October 2, 1995 Trinidad","26 Years, 5 Months, 14 Days",West Indies,Left Handed,,,57,50,7,1193,70 v ENG,0,8,86,69,27.74,128.97,28,5,2,1,,,,,,,,,,,,
Washington Sundar,SRH,https://sports.ndtv.com/cricket/players/108593-washington-sundar-playerprofile,All-Rounder ,8.75,Washington Sundar,"October 5, 1999 Chennai, Tamil Nadu","22 Years, 5 Months, 11 Days",India,Left Handed,Off break,T20 International,31,11,4,47,14* v BAN,0,0,4,3,6.71,146.87,10,0,4,1,30,103.3,1,750,25,3/22 v BAN,1,0,30.00,7.24,24.84,30
Rahul Tripathi,SRH,https://sports.ndtv.com/cricket/players/12218-rahul-ajay-tripathi-playerprofile,Batsman ,8.50,Rahul Ajay Tripathi,"March 2, 1991 Ranchi, Jharkhand","31 Years, 0 Months, 14 Days",India,Right Handed,Right-arm medium,,,,,,,,,,,,,,,,,,,,,,,,,,,,
Romario Shepherd,SRH,https://sports.ndtv.com/cricket/players/112280-romario-shepherd-playerprofile,All-Rounder ,7.75,Romario Shepherd,"November 26, 1994 Guyana","27 Years, 3 Months, 19 Days",West Indies,Right Handed,Right-arm medium fast,T20 International,17,6,3,146,44* v ENG,0,0,6,13,48.66,155.31,4,0,0,0,14,44.5,0,503,14,3/59 v ENG,1,0,35.92,11.21,19.21,14
Abhishek Sharma,SRH,https://sports.ndtv.com/cricket/players/108562-abhishek-sharma-playerprofile,All-Rounder ,6.50,Abhishek Sharma,"September 4, 2000 Amritsar, Punjab","21 Years, 6 Months, 11 Days",India,Left Handed,Slow left-arm orthodox,,,,,,,,,,,,,,,,,,,,,,,,,,,,
Bhuvneshwar Kumar,SRH,https://sports.ndtv.com/cricket/players/1250-bhuvneshwar-kumar-playerprofile,Bowler ,4.20,Bhuvneshwar Kumar Singh,"February 5, 1990 Meerut, Uttar Pradesh","32 Years, 1 Months, 7 Days",India,Right Handed,Right-arm medium,T20 International,59,13,8,57,16 v SL,0,0,0,0,11.40,75.00,10,0,3,1,59,208.5,3,1460,58,5/24 v SA,2,1,25.17,6.99,21.60,59
Marco Jansen,SRH,https://sports.ndtv.com/cricket/players/113406-marco-jansen-playerprofile,All-Rounder ,4.20,Marco Jansen,"May 1, 2000 Potchefstroom, North West, South Africa","21 Years, 10 Months, 14 Days",South Africa,Right Handed,Left-arm fast,,,,,,,,,,,,,,,,,,,,,,,,,,,,
Umran Malik,SRH,https://sports.ndtv.com/cricket/players/113473-umran-malik-playerprofile,Bowler ,4.00,Umran Malik,"November 22, 1999 Srinagar, Jammu & Kashmir","22 Years, 3 Months, 24 Days",India,Right Handed,Right-arm medium fast,,,,,,,,,,,,,,,,,,,,,,,,,,,,
Abdul Samad,SRH,https://sports.ndtv.com/cricket/players/113179-abdul-samad-playerprofile,Batsman ,4.00,Abdul Samad Farooq,"October 28, 2001 Kala Kot, Jammu & Kashmir","20 Years, 4 Months, 18 Days",India,Right Handed,Leg break,,,,,,,,,,,,,,,,,,,,,,,,,,,,
T Natarajan,SRH,https://sports.ndtv.com/cricket/players/107525-t-natarajan-playerprofile,Bowler ,4.00,Thangarasu Natarajan,"May 27, 1991 Salem","30 Years, 9 Months, 20 Days",India,Left Handed,Left-arm medium,T20 International,4,0,0,,,0,0,0,0,,0.00,,,0,0,4,16,0,122,7,3/30 v AUS,1,0,17.42,7.62,13.71,4
Kartik Tyagi,SRH,https://sports.ndtv.com/cricket/players/108595-kartik-tyagi-playerprofile,Bowler ,4.00,Kartik Tyagi,"November 8, 2000 Hapur, Uttar Pradesh","21 Years, 4 Months, 7 Days",India,Right Handed,Right-arm medium fast,,,,,,,,,,,,,,,,,,,,,,,,,,,,
Aiden Markram,SRH,https://sports.ndtv.com/cricket/players/64634-aiden-kyle-markram-playerprofile,Batsman ,2.60,Aiden Kyle Markram,"October 4, 1994 Centurion","27 Years, 5 Months, 11 Days",South Africa,Right Handed,Off break,T20 International,20,18,3,588,70 v WI,0,6,45,28,39.20,147.00,16,0,1,0,8,18,2,134,5,3/21 v SL,1,0,26.80,7.44,21.60,8
Sean Abbott,SRH,https://sports.ndtv.com/cricket/players/106719-sean-abbott-playerprofile,Bowler ,2.40,Sean Anthony Abbott,"February 29, 1992 Windsor, New South Wales","30 Years, 0 Months, 15 Days",Australia,Right Handed,Right-arm fast medium,T20 International,7,2,1,17,12* v IND,0,0,1,1,17.00,106.25,4,0,0,0,7,18,0,150,4,2/14 v PAK,0,0,37.50,8.33,27.00,7
Glenn Phillips,SRH,https://sports.ndtv.com/cricket/players/107472-glenn-phillips-playerprofile,Wicket-Keeper ,1.50,Glenn Dominic Phillips,"December 6, 1996 East London, Eastern Cape","25 Years, 3 Months, 9 Days",New Zealand,Right Handed,Off break,T20 International,35,30,5,645,108 v WI,1,2,43,37,25.80,140.21,19,2,2,1,5,8.3,0,68,2,1/11 v BAN,0,0,34.00,8.00,25.50,5
Shreyas Gopal,SRH,https://sports.ndtv.com/cricket/players/51296-shreyas-gopal-playerprofile,Bowler ,0.75,Shreyas Gopal,"September 4, 1993 Banglaore, Karnataka","28 Years, 6 Months, 11 Days",India,Right Handed,Leg break,T20 Domestic,28,20,3,282,49* v MW,0,0,28,4,16.58,118.48,11,0,3,3,28,91,1,667,26,3/13 v MW,2,0,25.65,7.32,21.00,28
Fazalhaq Farooqi,SRH,https://sports.ndtv.com/cricket/players/112535-fazal-haque-playerprofile,Bowler ,0.50,Fazalhaq Farooqi,"September 22, 2000 Baghlan","21 Years, 5 Months, 23 Days",Afghanistan,Right Handed,Left-arm medium,T20 International,3,1,1,0,0 v ZIM,0,0,0,0,,0.00,,,1,0,3,12,0,72,6,3/18 v BAN,1,0,12.00,6.00,12.00,3
Vishnu Vinod,SRH,https://sports.ndtv.com/cricket/players/107531-vishnu-vinod-playerprofile,Wicket-Keeper ,0.50,Vishnu Vinod,"December 2, 1993 Pathanamthitta, Kerala","28 Years, 3 Months, 13 Days",India,Right Handed,,,3,3,0,42,25 v EAG,0,0,6,1,14.00,120.00,1,0,0,1,,,,,,,,,,,,
Priyam Garg,SRH,https://sports.ndtv.com/cricket/players/110579-priyam-garg-playerprofile,Batsman ,0.20,Priyam K Garg,"November 30, 2000 Meerut, Uttar Pradesh","21 Years, 3 Months, 15 Days",India,Right Handed,Right-arm medium,,,,,,,,,,,,,,,,,,,,,,,,,,,,
Saurabh Dubey,SRH,https://sports.ndtv.com/cricket/players/113468-saurabh-dubey-playerprofile,Bowler ,0.20,Saurabh Dubey,"January 23, 1998 ","24 Years, 1 Months, 20 Days",India,Right Handed,Left-arm medium fast,,,,,,,,,,,,,,,,,,,,,,,,,,,,
Jagadeesha Suchith,SRH,https://sports.ndtv.com/cricket/players/106726-jagadeesha-suchith-playerprofile,Bowler ,0.20,Jagadeesha Suchith,"January 16, 1994 Mysore","28 Years, 2 Months, -1 Days",India,Left Handed,Slow left-arm orthodox,T20 Domestic,42,26,9,282,54* v BB,0,1,21,12,16.58,153.26,31,0,4,2,41,147.2,3,976,57,5/20 v BT,4,1,17.12,6.62,15.50,41
Shashank Singh,SRH,https://sports.ndtv.com/cricket/players/63951-shashank-singh-playerprofile,All-Rounder ,0.20,Shashank Singh,"November 21, 1991 Bhilai","30 Years, 3 Months, 25 Days",India,Right Handed,Off break,,,,,,,,,,,,,,,,,,,,,,,,,,,,
Ravikumar Samarth,SRH,https://sports.ndtv.com/cricket/players/63978-ravikumar-samarth-playerprofile,Batsman ,0.20,Ravikumar Samarth,"January 22, 1993","29 Years, 1 Months, 21 Days",India,,,Cricket,,,,,,,,,,,,,,,,,,,,,,,,,,,
Sanju Samson,RR,https://sports.ndtv.com/cricket/players/1701-sanju-samson-playerprofile,Wicket-Keeper ,14.00,Sanju Viswanath Samson,"November 11, 1994 Pulluvila, Vizhinjam, Trivandrum","27 Years, 4 Months, 4 Days",India,Right Handed,,,13,12,0,174,39 v SL,0,0,10,8,14.50,121.67,6,2,1,0,,,,,,,,,,,,
Prasidh Krishna,RR,https://sports.ndtv.com/cricket/players/107509-prasidh-krishna-playerprofile,Bowler ,10.00,Muralikrishna Prasidh Krishna,"February 19, 1996 Bangalore, Karnataka","26 Years, 0 Months, 25 Days",India,Right Handed,Right-arm medium fast,T20 Domestic,27,5,3,19,9 v BP,0,0,1,1,9.50,90.47,11,0,1,0,27,98,2,665,30,3/24 v BB,1,0,22.16,6.78,19.60,27
Jos Buttler,RR,https://sports.ndtv.com/cricket/players/1367-jos-buttler-playerprofile,Wicket-Keeper ,10.00,Joseph Charles Buttler,"September 8, 1990 Taunton, Somerset","31 Years, 6 Months, 7 Days",England,Right Handed,,,88,80,18,2140,101* v SL,1,15,184,90,34.51,141.16,39,10,5,3,,,,,,,,,,,,
Shimron Hetmyer,RR,https://sports.ndtv.com/cricket/players/107627-shimron-hetmyer-playerprofile,Batsman ,8.50,Shimron Odilon Hetmyer,"December 26, 1996 Cumberland, Berbice","25 Years, 2 Months, 20 Days",West Indies,Left Handed,,,42,35,4,666,81* v SL,0,3,43,32,21.48,118.71,16,0,3,3,,,,,,,,,,,,
Trent Boult,RR,https://sports.ndtv.com/cricket/players/1061-trent-boult-playerprofile,Bowler ,8.00,Trent Alexander Boult,"July 22, 1989 Rotorua","32 Years, 7 Months, 24 Days",New Zealand,Right Handed,Left-arm fast medium,T20 International,44,11,6,30,8 v ENG,0,0,2,0,6.00,75.00,16,0,3,1,44,165.3,1,1345,62,4/34 v IND,5,0,21.69,8.12,16.01,44
Devdutt Padikkal,RR,https://sports.ndtv.com/cricket/players/110591-devdutt-padikkal-playerprofile,Batsman ,7.75,Devdutt Babunu Padikkal,"July 7, 2000 Edapal, Kerala","21 Years, 8 Months, 8 Days",India,Left Handed,Off break,T20 Domestic,2,2,0,38,29 v SL,0,0,2,1,19.00,100.00,,,0,0,6,10,0,99,2,1/11 v BP,0,0,49.50,9.90,30.00,6
Yuzvendra Chahal,RR,https://sports.ndtv.com/cricket/players/1394-yuzvendra-chahal-playerprofile,Bowler ,6.50,Yuzvendra Singh Chahal,"July 23, 1990 Jind, Haryana, India","31 Years, 7 Months, 23 Days",India,Right Handed,Leg break googly,T20 International,54,4,2,5,3* v AUS,0,0,0,0,2.50,45.45,10,0,1,0,54,210.3,1,1723,68,6/25 v ENG,5,1,25.33,8.18,18.57,54
Ravichandran Ashwin,RR,https://sports.ndtv.com/cricket/players/1109-ravichandran-ashwin-playerprofile,All-Rounder ,5.00,Ravichandran Ashwin,"September 17, 1986 Chennai, Tamil Nadu","35 Years, 5 Months, 28 Days",India,Right Handed,Off break,T20 International,51,11,7,123,31* v SL,0,0,14,1,30.75,106.95,9,0,0,1,51,191,2,1298,61,4/8 v SL,4,0,21.27,6.79,18.78,51
Yashasvi Jaiswal,RR,https://sports.ndtv.com/cricket/players/112646-yashasvi-jaiswal-playerprofile,Batsman ,4.00,Yashasvi Bhupendra Kumar Jaiswal,"December 28, 2001 Suriya, Uttar Pradesh","20 Years, 2 Months, 18 Days",India,Left Handed,Leg break,T20 Domestic,7,7,0,223,75 v OMN,0,2,20,7,31.85,135.15,1,0,1,0,5,13,0,101,5,3/23 v TKMNE,1,0,20.20,7.76,15.60,5
Riyan Parag,RR,https://sports.ndtv.com/cricket/players/108566-riyan-parag-playerprofile,All-Rounder ,3.80,Riyan Parag,"November 10, 2001 Guwahati, Assam","20 Years, 4 Months, 5 Days",India,Right Handed,Leg break,,,,,,,,,,,,,,,,,,,,,,,,,,,,
Navdeep Saini,RR,https://sports.ndtv.com/cricket/players/64853-navdeep-amarjeet-saini-playerprofile,Bowler ,2.60,Navdeep Amarjeet Saini,"November 23, 1992 Karnal, Haryana","29 Years, 3 Months, 22 Days",India,Right Handed,Right-arm fast,T20 International,11,3,3,12,11* v NZ,0,0,2,0,,109.09,3,0,1,0,9,32.5,1,235,13,3/17 v WI,2,0,18.07,7.15,15.15,9
Nathan Coulter-Nile,RR,https://sports.ndtv.com/cricket/players/1424-nathan-coulter-nile-playerprofile,Bowler ,2.00,Nathan Mitchell Coulter-Nile,"October 11, 1987 Osborne Park, Western Australia","34 Years, 5 Months, 5 Days",Australia,Right Handed,Right-arm fast,T20 International,28,15,4,150,34 v PAK,0,0,10,10,13.63,125.00,13,0,3,1,27,97,1,802,34,4/31 v ENG,3,0,23.58,8.26,17.11,27
James Neesham,RR,https://sports.ndtv.com/cricket/players/1441-james-neesham-playerprofile,All-Rounder ,1.50,James Douglas Sheahan Neesham,"September 17, 1990 Auckland","31 Years, 5 Months, 28 Days",New Zealand,Left Handed,Right-arm medium fast,T20 International,38,29,10,416,48* v WI,0,0,31,25,21.89,151.82,11,0,2,0,29,63.3,0,586,21,3/16 v WI,3,0,27.90,9.22,18.14,29
Karun Nair,RR,https://sports.ndtv.com/cricket/players/1708-karun-nair-playerprofile,Batsman ,1.40,Karun Kaladharan Nair,"December 6, 1991 Jodhpur, Rajasthan","30 Years, 3 Months, 10 Days",India,Right Handed,Off break,T20 Domestic,31,29,3,773,100* v BB,1,3,83,13,29.73,117.83,16,0,1,2,14,37,0,252,10,4/13 v BP,0,0,25.20,6.81,22.20,14
Rassie van der Dussen,RR,https://sports.ndtv.com/cricket/players/1541-rassie-van-der-dussen-playerprofile,Batsman ,1.00,,,,,,,,,,,,,,,,,,,,,,,,,,,,,,,,,,
Obed McCoy,RR,https://sports.ndtv.com/cricket/players/110382-obed-mccoy-playerprofile,Bowler ,0.75,Obed Christopher McCoy,"January 4, 1997 ","25 Years, 2 Months, 11 Days",West Indies,Left Handed,Left-arm medium fast,T20 International,13,6,2,36,23 v SL,0,0,3,3,9.00,138.46,1,0,1,0,12,42,0,320,19,4/22 v SA,1,0,16.84,7.61,13.26,12
Daryl Mitchell,RR,https://sports.ndtv.com/cricket/players/50709-daryl-joseph-mitchell-playerprofile,All-Rounder ,0.75,Daryl Joseph Mitchell,"May 20, 1991 Hamilton","30 Years, 9 Months, 27 Days",New Zealand,Right Handed,Right-arm medium,T20 International,25,23,5,392,72* v ENG,0,1,32,14,21.77,134.70,12,0,1,2,7,11.5,0,121,6,2/27 v IND,0,0,20.16,10.22,11.83,7
KC Cariappa,RR,https://sports.ndtv.com/cricket/players/107051-kc-cariappa-playerprofile,Bowler ,0.30,Konganda Charamanna Cariappa,"April 13, 1994 Bangalore, Karnataka","27 Years, 11 Months, 2 Days",India,Right Handed,Leg break,T20 Domestic,42,15,10,55,18* v RS,0,0,5,1,11.00,125.00,14,0,5,1,41,135.4,1,882,41,4/19 v RS,5,0,21.51,6.50,19.85,41
Tejas Baroka,RR,https://sports.ndtv.com/cricket/players/107535-tejas-baroka-playerprofile,Bowler ,0.20,Tejas Singh Baroka,"February 1, 1996 Pondicherry","26 Years, 1 Months, 12 Days",India,Right Handed,Leg break googly,,,,,,,,,,,,,,,,,,,,,,,,,,,,
Kuldip Yadav,RR,https://sports.ndtv.com/cricket/players/108618-kuldip-yadav-playerprofile,Bowler ,0.20,Kuldip Yadav,"October 15, 1996 ","25 Years, 5 Months, 0 Days",India,Left Handed,Left-arm medium fast,,,,,,,,,,,,,,,,,,,,,,,,,,,,
Dhruv Jurel,RR,https://sports.ndtv.com/cricket/players/112648-dhruv-jurel-playerprofile,Wicket-Keeper ,0.20,Dhruv Chand Jurel,"January 21, 2001 Agra, Uttar Pradesh","21 Years, 1 Months, 22 Days",India,Right Handed,,,,,,,,,,,,,,,,,,,,,,,,,,,,,
Kuldeep Sen,RR,https://sports.ndtv.com/cricket/players/110603-kuldeep-sen-playerprofile,Bowler ,0.20,Kuldeep Rampal Sen,"October 22, 1996 Rewa, Madhya Pradesh, India","25 Years, 4 Months, 24 Days",India,Right Handed,Right-arm fast medium,,,,,,,,,,,,,,,,,,,,,,,,,,,,
Shubham Garhwal,RR,https://sports.ndtv.com/cricket/players/115354-shubham-garhwal-playerprofile,All-Rounder ,0.20,Shubham Shankar Garhwal,"May 14, 1995 Jodhpur, Rajasthan","26 Years, 10 Months, 2 Days",India,Left Handed,Slow left-arm orthodox,,,,,,,,,,,,,,,,,,,,,,,,,,,,
Anunay Singh,RR,https://sports.ndtv.com/cricket/players/115306-anunay-singh-playerprofile,All-Rounder ,0.20,Anunay Narayan Singh,"January 3, 1993 Vaishali, Bihar","29 Years, 2 Months, 12 Days",India,Right Handed,Right-arm medium,,,,,,,,,,,,,,,,,,,,,,,,,,,,
Virat Kohli,RCB,https://sports.ndtv.com/cricket/players/967-virat-kohli-playerprofile,Batsman ,15.00,Virat Kohli,"November 5, 1988 Delhi","33 Years, 4 Months, 10 Days",India,Right Handed,Right-arm medium,T20 International,97,89,25,3296,94* v WI,0,30,298,92,51.50,137.67,43,0,3,5,12,24.2,0,198,4,1/13 v ENG,0,0,49.50,8.13,36.50,12
Glenn Maxwell,RCB,https://sports.ndtv.com/cricket/players/1423-glenn-maxwell-playerprofile,All-Rounder ,11.00,Glenn James Maxwell,"October 14, 1988 Kew, Melbourne, Victoria","33 Years, 5 Months, 1 Days",Australia,Right Handed,Off break,T20 International,84,77,13,1982,145* v SL,3,9,164,97,30.96,154.00,39,0,4,0,56,126,0,939,34,3/10 v ENG,2,0,27.61,7.45,22.23,56
Harshal Patel,RCB,https://sports.ndtv.com/cricket/players/1293-harshal-patel-playerprofile,All-Rounder ,10.75,Harshal Vikram Patel,"November 23, 1990 Sanand, Gujarat","31 Years, 3 Months, 22 Days",India,Right Handed,Right-arm medium,T20 International,8,2,1,19,18 v NZ,0,0,2,1,19.00,158.33,1,0,0,0,8,29,0,247,11,3/22 v WI,1,0,22.45,8.51,15.81,8
Wanindu Hasaranga,RCB,https://sports.ndtv.com/cricket/players/107713-wanidu-hasaranga-playerprofile,All-Rounder ,10.75,Pinnaduwage Wanindu Hasaranga De Silva,"July 29, 1997 Galle","24 Years, 7 Months, 17 Days",Sri Lanka,Right Handed,Leg break,T20 International,35,29,6,345,71 v IRE,0,1,35,2,15.00,120.62,11,0,3,3,33,122.4,0,784,57,4/9 v IND,8,0,13.75,6.39,12.91,33
Josh Hazlewood,RCB,https://sports.ndtv.com/cricket/players/1040-josh-hazlewood-playerprofile,Bowler ,7.75,Josh Reginald Hazlewood,"January 8, 1991 Tamworth, New South Wales, Australia","31 Years, 2 Months, 7 Days",Australia,Left Handed,Right-arm fast medium,T20 International,27,6,4,21,13* v WI,0,0,2,1,10.50,161.53,4,0,2,0,27,102.4,2,772,40,4/12 v SL,4,0,19.30,7.51,15.40,27
Faf du Plessis,RCB,https://sports.ndtv.com/cricket/players/1579-faf-du-plessis-playerprofile,Batsman ,7.00,Francois du Plessis,"July 13, 1984 Pretoria, Transvaal","37 Years, 8 Months, 2 Days",South Africa,Right Handed,Leg break,T20 International,50,50,7,1528,119 v WI,1,10,140,50,35.53,134.38,24,0,0,3,2,1.2,0,3,0,0/0 v NZ,0,0,,2.25,,2
Mohammed Siraj,RCB,https://sports.ndtv.com/cricket/players/107503-mohammed-siraj-playerprofile,Bowler ,7.00,Mohammed Siraj,"March 13, 1994 Hyderabad","28 Years, 0 Months, 2 Days",India,Right Handed,Right-arm medium fast,T20 International,5,0,0,,,0,0,0,0,,0.00,1,0,0,0,5,20,0,209,5,1/22 v SL,0,0,41.80,10.45,24.00,5
Dinesh Karthik,RCB,https://sports.ndtv.com/cricket/players/666-dinesh-karthik-playerprofile,Wicket-Keeper ,5.50,Krishnakumar Dinesh Karthik,"June 1, 1985 Chennai, Tamil Nadu","36 Years, 9 Months, 14 Days",India,Right Handed,Off break,,32,26,14,399,48 v WI,0,0,42,15,33.25,143.52,14,5,3,0,,,,,,,,,,,,
Anuj Rawat,RCB,https://sports.ndtv.com/cricket/players/108579-anuj-rawat-playerprofile,Wicket-Keeper ,3.40,Anuj Rawat,"October 17, 1999 Ram Nagar, Uttarakhand","22 Years, 5 Months, -1 Days",India,Left Handed,,,,,,,,,,,,,,,,,,,,,,,,,,,,,
Shahbaz Ahmed,RCB,https://sports.ndtv.com/cricket/players/51351-shahbaz-ahmed-playerprofile,All-Rounder ,2.40,Shahbaz Ahmed,"December 12, 1994 Mewat, Haryana","27 Years, 3 Months, 3 Days",India,Left Handed,Slow left-arm orthodox,T20 Domestic,9,9,2,283,54 v MBC,0,2,21,14,40.42,134.76,6,0,0,0,9,34,0,194,11,5/10 v MBC,0,1,17.63,5.70,18.54,9
David Willey,RCB,https://sports.ndtv.com/cricket/players/25633-dj-willey-playerprofile,All-Rounder ,2.00,David Jonathan Willey,"February 28, 1990 Northampton","32 Years, 0 Months, 15 Days",England,Left Handed,Left-arm fast medium,T20 International,32,21,8,182,29* v IND,0,0,10,11,14.00,132.84,15,0,2,2,32,106.5,0,854,38,4/7 v WI,5,0,22.47,7.99,16.86,32
Sherfane Rutherford,RCB,https://sports.ndtv.com/cricket/players/110388-sherfane-rutherford-playerprofile,All-Rounder ,1.00,Sherfane Eviston Rutherford,"August 15, 1998 ","23 Years, 7 Months, 0 Days",West Indies,Left Handed,Right-arm fast medium,T20 International,6,4,0,43,26 v IRE,0,0,1,3,10.75,119.44,1,0,0,0,2,6,0,49,1,1/21 v IRE,0,0,49.00,8.16,36.00,2
Mahipal Lomror,RCB,https://sports.ndtv.com/cricket/players/107234-mahipal-lomror-playerprofile,All-Rounder ,0.95,Mahipal Krishan Lomror,"November 16, 1999 Nagaur, Rajasthan","22 Years, 4 Months, 0 Days",India,Left Handed,Slow left-arm orthodox,,,,,,,,,,,,,,,,,,,,,,,,,,,,
Finn Allen,RCB,https://sports.ndtv.com/cricket/players/113428-finn-allen-playerprofile,Batsman ,0.80,Finnley Hugh Allen,"April 22, 1999 Auckland","22 Years, 10 Months, 24 Days",New Zealand,Right Handed,,,6,6,0,156,71 v BAN,0,1,19,8,26.00,190.24,2,0,1,0,,,,,,,,,,,,
Jason Behrendorff,RCB,https://sports.ndtv.com/cricket/players/1663-jason-behrendorff-playerprofile,Bowler ,0.75,Jason Paul Behrendorff,"April 20, 1990 Camden, New South Wales","31 Years, 10 Months, 25 Days",Australia,Right Handed,Left-arm fast medium,T20 International,9,1,0,5,5 v WI,0,0,0,0,5.00,71.42,6,0,0,0,8,22,0,187,7,4/21 v IND,0,0,26.71,8.50,18.85,8
Siddarth Kaul,RCB,https://sports.ndtv.com/cricket/players/1699-siddarth-kaul-playerprofile,Bowler ,0.75,Siddarth Kaul,"May 19, 1990 Pathankot, Punjab","31 Years, 9 Months, 27 Days",India,Right Handed,Right-arm medium,T20 International,3,0,0,,,0,0,0,0,,0.00,,,0,0,3,9.4,0,84,4,2/35 v ENG,0,0,21.00,8.68,14.50,3
Karn Sharma,RCB,https://sports.ndtv.com/cricket/players/1245-karan-sharma-playerprofile,Bowler ,0.50,Karn Vinod Sharma,"October 23, 1987 Meerut, Uttar Pradesh","34 Years, 4 Months, 24 Days",India,Left Handed,Leg break googly,T20 International,1,0,0,,,0,0,0,0,,0.00,,,0,0,1,4,0,28,1,1/28 v ENG,0,0,28.00,7.00,24.00,1
Suyash Prabhudessai,RCB,https://sports.ndtv.com/cricket/players/110587-suyash-prabhudessai-playerprofile,All-Rounder ,0.30,Suyash S Prabhudessai,"December 6, 1997 ","24 Years, 3 Months, 9 Days",India,Right Handed,Right-arm medium,,,,,,,,,,,,,,,,,,,,,,,,,,,,
Chama Milind,RCB,https://sports.ndtv.com/cricket/players/64116-chama-v-milind-playerprofile,Bowler ,0.25,,,,,,,,,,,,,,,,,,,,,,,,,,,,,,,,,,
Aneeshwar Gautam,RCB,https://sports.ndtv.com/cricket/players/114974-aneeshwar-gautam-playerprofile,All-Rounder ,0.20,Aneeshwar Gautam Narendra,"January 16, 2003 Bengaluru, Karnataka","19 Years, 2 Months, -1 Days",India,Left Handed,Slow left-arm orthodox,,,,,,,,,,,,,,,,,,,,,,,,,,,,
Akash Deep,RCB,https://sports.ndtv.com/cricket/players/113443-akash-deep-playerprofile,Bowler ,0.20,Akash Deep,"December 15, 1996 Dehri, (Rotas), Bihar","25 Years, 3 Months, 0 Days",India,Right Handed,Right-arm medium,T20 Domestic,12,3,0,2,2 v TMC,0,0,0,0,0.66,25.00,1,0,2,0,12,38.5,1,279,10,2/15 v TMC,0,0,27.90,7.18,23.30,12
Luvnith Sisodia,RCB,https://sports.ndtv.com/cricket/players/115304-luvnith-sisodia-playerprofile,Wicket-Keeper ,0.20,Luvnith Sujith Sisodia,"January 15, 2000 Bangalore, Karnataka","22 Years, 2 Months, 1 Days",India,Left Handed,Left-arm medium,,9,9,0,124,29 v BP,0,0,14,4,13.77,112.72,11,1,1,0,,,,,,,,,,,,
Rohit Sharma,MI,https://sports.ndtv.com/cricket/players/857-rohit-sharma-playerprofile,Batsman ,16.00,Rohit Gurunath Sharma,"April 30, 1987 Bansod, Nagpur, Maharashtra","34 Years, 10 Months, 16 Days",India,Right Handed,Off break,T20 International,125,117,15,3313,118 v SL,4,26,293,155,32.48,139.55,50,0,8,5,9,11.2,0,113,1,1/22 v SL,0,0,113.00,9.97,68.00,9
Ishan Kishan,MI,https://sports.ndtv.com/cricket/players/107047-ishan-kishan-playerprofile,Wicket-Keeper ,15.25,Ishan Pranav Kumar Pandey Kishan,"July 18, 1998 Patna, Bihar","23 Years, 7 Months, 28 Days",India,Left Handed,Left-arm medium,,10,10,1,289,89 v SL,0,2,34,8,32.11,121.42,4,2,0,0,,,,,,,,,,,,
Jasprit Bumrah,MI,https://sports.ndtv.com/cricket/players/1724-jasprit-bumrah-playerprofile,Bowler ,12.00,Jasprit Jasbirsingh Bumrah,"December 6, 1993 Ahmedabad","28 Years, 3 Months, 9 Days",India,Right Handed,Right-arm fast,T20 International,57,6,4,8,7 v AUS,0,0,1,0,4.00,61.53,7,0,4,2,56,204.5,8,1333,67,3/11 v ZIM,5,0,19.89,6.50,18.34,56
Tim David,MI,https://sports.ndtv.com/cricket/players/111686-tim-david-playerprofile,All-Rounder ,8.25,Timothy Hays David,"March 16, 1996 ","26 Years, 0 Months, -1 Days",Singapore,Right Handed,Off break,T20 International,14,14,2,558,92* v MAL,0,4,50,26,46.50,158.52,12,0,0,1,11,27.2,0,255,5,1/18 v HK,0,0,51.00,9.32,32.80,11
Jofra Archer,MI,https://sports.ndtv.com/cricket/players/64664-jofra-archer-playerprofile,All-Rounder ,8.00,Jofra Chioke Archer,"April 1, 1995 Bridgetown, Barbados","26 Years, 11 Months, 15 Days",England,Right Handed,Right-arm fast,T20 International,12,2,1,19,18* v IND,0,0,2,1,19.00,190.00,4,0,0,1,12,47,1,371,14,4/33 v IND,1,0,26.50,7.89,20.14,12
Suryakumar Yadav,MI,https://sports.ndtv.com/cricket/players/1492-suryakumar-yadav-playerprofile,Batsman ,8.00,Suryakumar Ashok Yadav,"September 14, 1990 Mumbai, Maharashtra","31 Years, 6 Months, 1 Days",India,Right Handed,Right-arm medium,,14,12,3,351,65 v WI,0,4,32,20,39.00,165.56,13,0,1,0,,,,,,,,,,,,
Kieron Pollard,MI,https://sports.ndtv.com/cricket/players/907-kieron-pollard-playerprofile,All-Rounder ,6.00,Kieron Adrian Pollard,"May 12, 1987 Tacarigua, Trinidad","34 Years, 10 Months, 4 Days",West Indies,Right Handed,Right-arm medium,T20 International,101,83,21,1569,75* v NZ,0,6,94,99,25.30,135.14,42,0,3,0,63,142.4,0,1188,42,4/25 v IRE,2,0,28.28,8.32,20.38,63
Dewald Brevis,MI,https://sports.ndtv.com/cricket/players/115001-dewald-brevis-playerprofile,Batsman ,3.00,Dewald Brevis,"April 29, 2003 Johannesburg","18 Years, 10 Months, 17 Days",South Africa,Right Handed,Leg break,,,,,,,,,,,,,,,,,,,,,,,,,,,,
Daniel Sams,MI,https://sports.ndtv.com/cricket/players/113155-daniel-sams-playerprofile,All-Rounder ,2.60,Daniel Richard Sams,"October 27, 1992 Milperra, New South Wales","29 Years, 4 Months, 19 Days",Australia,Right Handed,Left-arm fast medium,T20 International,7,5,2,72,41 v NZ,0,0,6,4,24.00,189.47,3,0,0,0,7,20.5,0,210,4,2/40 v NZ,0,0,52.50,10.08,31.25,7
Tilak Varma,MI,https://sports.ndtv.com/cricket/players/112645-tilak-varma-playerprofile,All-Rounder ,1.70,Namboori Thakur Tilak Varma,"November 8, 2002 Hyderabad, Andhra Pradesh","19 Years, 4 Months, 7 Days",India,Left Handed,Off break,,,,,,,,,,,,,,,,,,,,,,,,,,,,
Murugan Ashwin,MI,https://sports.ndtv.com/cricket/players/63773-murugan-ashwin-playerprofile,Bowler ,1.60,Murugan Ashwin,"September 8, 1990 Chennai, Tamil Nadu","31 Years, 6 Months, 7 Days",India,Right Handed,Leg break googly,T20 Domestic,34,28,9,487,61* v SS,0,1,25,25,25.63,113.78,20,0,1,1,34,127.1,1,915,39,3/24 v SMP,3,0,23.46,7.19,19.56,34
Tymal Mills,MI,https://sports.ndtv.com/cricket/players/51462-tymal-solomon-mills-playerprofile,Bowler ,1.50,Tymal Solomon Mills,"August 12, 1992 Dewsbury, Yorkshire","29 Years, 7 Months, 3 Days",England,Right Handed,Left-arm fast,T20 International,12,3,2,1,1* v WI,0,0,0,0,1.00,33.33,1,0,2,0,12,41.4,1,339,11,3/27 v BAN,1,0,30.81,8.13,22.72,12
Jaydev Unadkat,MI,https://sports.ndtv.com/cricket/players/1298-jaydev-unadkat-playerprofile,Bowler ,1.30,Jaydev Dipakbhai Unadkat,"October 18, 1991 Porbandar","30 Years, 4 Months, 29 Days",India,Right Handed,Left-arm medium,T20 International,10,0,0,,,0,0,0,0,,0.00,3,0,0,0,10,34.4,0,301,14,3/38 v BAN,1,0,21.50,8.68,14.85,10
Riley Meredith,MI,https://sports.ndtv.com/cricket/players/113157-riley-meredith-playerprofile,Bowler ,1.00,Riley Patrick Meredith,"June 21, 1996 Hobart, Tasmania","25 Years, 8 Months, 24 Days",Australia,Right Handed,Right-arm fast,T20 International,5,0,0,,,0,0,0,0,,0.00,,,0,0,5,18.5,0,188,8,3/48 v WI,1,0,23.50,9.98,14.12,5
Fabian Allen,MI,https://sports.ndtv.com/cricket/players/64663-fabian-allen-playerprofile,All-Rounder ,0.75,Fabian Anthony Allen,"May 7, 1995 Kingston, Jamaica","26 Years, 10 Months, 9 Days",West Indies,Right Handed,Slow left-arm orthodox,T20 International,34,24,8,267,34 v SA,0,0,15,21,16.68,136.92,22,0,4,1,29,86.5,1,646,24,2/18 v SA,0,0,26.91,7.43,21.70,29
Mayank Markande,MI,https://sports.ndtv.com/cricket/players/108589-mayank-markande-playerprofile,Bowler ,0.65,Mayank Markande,"November 11, 1997 Bathinda, Punjab","24 Years, 4 Months, 4 Days",India,Right Handed,Leg break,T20 International,1,0,0,,,0,0,0,0,,0.00,,,0,0,1,4,0,31,0,0/31 v AUS,0,0,,7.75,,1
Sanjay Yadav,MI,https://sports.ndtv.com/cricket/players/107487-r-sanjay-yadav-playerprofile,All-Rounder ,0.50,Ramsingh Sanjay Yadav,"May 10, 1995 Gorakhpur, Uttar Pradesh","26 Years, 10 Months, 6 Days",India,Left Handed,Slow left-arm orthodox,T20 Domestic,34,31,5,683,95 v ITT,0,4,51,40,26.26,136.32,16,0,4,5,30,86.3,2,635,15,2/29 v ITT,0,0,42.33,7.34,34.60,30
Basil Thampi,MI,https://sports.ndtv.com/cricket/players/106722-basil-thampi-playerprofile,Bowler ,0.30,Basil Thampi,"September 11, 1993 Ernakulam, Kerala","28 Years, 6 Months, 4 Days",India,Right Handed,Right-arm fast medium,T20 Domestic,3,3,0,31,19 v ROY,0,0,1,3,10.33,172.22,,,1,0,3,12,0,71,6,3/19 v LIO,1,0,11.83,5.91,12.00,3
Arjun Tendulkar,MI,https://sports.ndtv.com/cricket/players/106841-arjun-tendulkar-playerprofile,All-Rounder ,0.30,Arjun Sachin Tendulkar,"September 24, 1999 Mumbai","22 Years, 5 Months, 22 Days",India,Left Handed,Left-arm medium fast,,,,,,,,,,,,,,,,,,,,,,,,,,,,
Ramandeep Singh,MI,https://sports.ndtv.com/cricket/players/108554-ramandeep-singh-playerprofile,All-Rounder ,0.20,Ramandeep Singh,"April 13, 1997 Chandigarh","24 Years, 11 Months, 2 Days",India,Right Handed,Right-arm medium,,,,,,,,,,,,,,,,,,,,,,,,,,,,
Anmolpreet Singh,MI,https://sports.ndtv.com/cricket/players/108576-anmolpreet-singh-playerprofile,Batsman ,0.20,Anmolpreet Singh,"March 28, 1998 Patiala, Punjab","23 Years, 11 Months, 18 Days",India,Right Handed,Off break,,,,,,,,,,,,,,,,,,,,,,,,,,,,
Aryan Juyal,MI,https://sports.ndtv.com/cricket/players/110596-aryan-juyal-playerprofile,Wicket-Keeper ,0.20,Aryan Juyal,"November 11, 2001 Moradabad, Uttar Pradesh","20 Years, 4 Months, 4 Days",India,Right Handed,,,,,,,,,,,,,,,,,,,,,,,,,,,,,
Arshad Khan,MI,https://sports.ndtv.com/cricket/players/115342-arshad-khan-playerprofile,All-Rounder ,0.20,Mohd Arshad Khan,"December 20, 1997 Gopalganj","24 Years, 2 Months, 26 Days",India,Left Handed,Left-arm medium,,,,,,,,,,,,,,,,,,,,,,,,,,,,
Rahul Buddhi,MI,https://sports.ndtv.com/cricket/players/115338-rahul-buddhi-playerprofile,Batsman ,0.20,Rahul Ravinder Buddhi,"September 20, 1997 Hyderabad","24 Years, 5 Months, 25 Days",India,Left Handed,Off break,,,,,,,,,,,,,,,,,,,,,,,,,,,,
Hrithik Shokeen,MI,https://sports.ndtv.com/cricket/players/115315-hrithik-shokeen-playerprofile,All-Rounder ,0.20,Hrithik Rakesh Shokeen,"August 14, 2000 Delhi","21 Years, 7 Months, 1 Days",India,Right Handed,Off break,,,,,,,,,,,,,,,,,,,,,,,,,,,,
Ravindra Jadeja,CSK,https://sports.ndtv.com/cricket/players/855-ravindra-jadeja-playerprofile,All-Rounder ,16.00,Ravindrasinh Anirudhsinh Jadeja,"December 6, 1988 Navagam-Khed, Saurashtra","33 Years, 3 Months, 9 Days",India,Left Handed,Slow left-arm orthodox,T20 International,58,29,14,326,45* v SL,0,0,25,8,21.73,124.42,22,0,4,3,56,187.1,4,1318,48,3/15 v SCO,3,0,27.45,7.04,23.39,56
Deepak Chahar,CSK,https://sports.ndtv.com/cricket/players/60022-deepak-lokandersingh-chahar-playerprofile,Bowler ,14.00,Deepak Lokandersingh Chahar,"August 7, 1992 Agra, Uttar Pradesh","29 Years, 7 Months, 8 Days",India,Right Handed,Right-arm medium,T20 International,20,5,5,22,21* v NZ,0,0,2,1,,244.44,2,0,3,0,20,70,1,579,26,6/7 v BAN,1,1,22.26,8.27,16.15,20
MS Dhoni,CSK,https://sports.ndtv.com/cricket/players/700-ms-dhoni-playerprofile,Wicket-Keeper ,12.00,Mahendra Singh Dhoni,"July 7, 1981 Ranchi, Bihar (now Jharkhand)","40 Years, 8 Months, 8 Days",India,Right Handed,Right-arm medium,,98,85,42,1617,56 v ENG,0,2,116,52,37.60,126.13,57,34,3,6,,,,,,,,,,,,
Moeen Ali,CSK,https://sports.ndtv.com/cricket/players/42413-moeen-munir-ali-playerprofile,All-Rounder ,8.00,Moeen Munir Ali,"June 18, 1987 Birmingham, Warwickshire","34 Years, 8 Months, 28 Days",England,Left Handed,Off break,T20 International,49,44,10,637,72* v AUS,0,4,50,32,18.73,136.98,13,0,9,3,42,108.1,1,854,33,3/24 v WI,1,0,25.87,7.89,19.66,42
Ambati Rayudu,CSK,https://sports.ndtv.com/cricket/players/1003-ambati-rayudu-playerprofile,Wicket-Keeper ,6.75,Ambati Thirupathi Rayudu,"September 23, 1985 Guntur,Andhra Pradesh","36 Years, 5 Months, 22 Days",India,Right Handed,Off break,,6,5,1,42,20 v ZIM,0,0,5,0,10.50,84.00,4,0,2,1,,,,,,,,,,,,
Ruturaj Gaikwad,CSK,https://sports.ndtv.com/cricket/players/108591-ruturaj-gaikwad-playerprofile,Batsman ,6.00,Ruturaj Dashrat Gaikwad,"January 31, 1997 Pune, Maharashtra","25 Years, 1 Months, 12 Days",India,Right Handed,Off break,,3,3,0,39,21 v SL,0,0,4,0,13.00,108.33,1,0,0,0,,,,,,,,,,,,
Dwayne Bravo,CSK,https://sports.ndtv.com/cricket/players/626-dwayne-bravo-playerprofile,All-Rounder ,4.40,Dwayne John Bravo,"October 7, 1983 Santa Cruz, Trinidad","38 Years, 5 Months, 9 Days",West Indies,Right Handed,Right-arm medium,T20 International,91,74,17,1255,66* v IND,0,4,73,55,22.01,115.03,44,0,8,3,77,250.5,0,2036,78,4/19 v SA,3,0,26.10,8.11,19.29,77
Shivam Dube,CSK,https://sports.ndtv.com/cricket/players/107521-shivam-dubey-playerprofile,All-Rounder ,4.00,Shivam Dube,"June 26, 1993 Mumbai","28 Years, 8 Months, 19 Days",India,Left Handed,Right-arm medium,T20 International,13,9,3,105,54 v WI,0,1,7,6,17.50,136.36,8,0,1,0,11,21.3,0,216,5,3/30 v BAN,1,0,43.20,10.04,25.80,11
Chris Jordan,CSK,https://sports.ndtv.com/cricket/players/1573-chris-jordan-playerprofile,All-Rounder ,3.60,Christopher James Jordan,"October 4, 1988 Barbados","33 Years, 5 Months, 11 Days",England,Right Handed,Right-arm fast medium,T20 International,75,43,19,358,36 v NZ,0,0,24,18,14.91,132.10,40,0,9,2,74,259.5,2,2250,80,4/6 v WI,8,0,28.12,8.65,19.48,74
Robin Uthappa,CSK,https://sports.ndtv.com/cricket/players/738-robin-uthappa-playerprofile,Batsman ,2.00,Robin Venu Uthappa,"November 11, 1985 Coorg, Karnataka","36 Years, 4 Months, 4 Days",India,Right Handed,Right-arm medium,T20 Domestic,13,12,2,249,50 v PAK,0,1,26,6,24.90,118.00,2,0,1,1,8,16,0,121,2,1/22 v MU,0,0,60.50,7.56,48.00,8
Mitchell Santner,CSK,https://sports.ndtv.com/cricket/players/51086-mitchell-josef-santner-playerprofile,All-Rounder ,1.90,Mitchell Josef Santner,"February 5, 1992 Hamilton","30 Years, 1 Months, 8 Days",New Zealand,Left Handed,Slow left-arm orthodox,T20 International,62,43,19,358,37 v PAK,0,0,25,11,14.91,123.44,26,0,5,5,61,208.2,1,1515,66,4/11 v IND,4,0,22.95,7.27,18.93,61
Adam Milne,CSK,https://sports.ndtv.com/cricket/players/1510-adam-milne-playerprofile,Bowler ,1.90,Adam Fraser Milne,"April 13, 1992 Palmerston North","29 Years, 11 Months, 2 Days",New Zealand,Right Handed,Right-arm fast,T20 International,31,10,9,33,10* v SA,0,0,1,1,33.00,100.00,6,0,2,0,31,108.5,2,854,32,4/37 v PAK,1,0,26.68,7.84,20.40,31
Rajvardhan Hangargekar,CSK,https://sports.ndtv.com/cricket/players/114985-rajvardhan-hangargekar-playerprofile,All-Rounder ,1.50,Rajvardhan S Hangargekar,"November 10, 2002 Tuljapur, Maharashtra","19 Years, 4 Months, 5 Days",India,Right Handed,Right-arm medium,,,,,,,,,,,,,,,,,,,,,,,,,,,,
Prashant Solanki,CSK,https://sports.ndtv.com/cricket/players/115325-prashant-solanki-playerprofile,Bowler ,1.20,Prashant Hitesh Solanki,"February 22, 2000 ","22 Years, 0 Months, 22 Days",India,Right Handed,Leg break,,,,,,,,,,,,,,,,,,,,,,,,,,,,
Devon Conway,CSK,https://sports.ndtv.com/cricket/players/45400-devon-philip-conway-playerprofile,Batsman ,1.00,Devon Philip Conway,"July 8, 1991 Johannesburg, Transvaal","30 Years, 8 Months, 8 Days",South Africa,Left Handed,Right-arm medium,,20,17,5,602,99* v AUS,0,4,62,15,50.16,139.35,11,1,0,1,,,,,,,,,,,,
Maheesh Theekshana,CSK,https://sports.ndtv.com/cricket/players/113459-maheesh-theekshana-playerprofile,Bowler ,0.70,Morawakage Maheesh Theekshana,"August 1, 2000 Colombo","21 Years, 7 Months, 14 Days",Sri Lanka,Right Handed,Off break,T20 International,15,5,2,18,7* v SA,0,0,1,1,6.00,150.00,4,0,1,1,15,56,0,359,14,3/17 v IRE,3,0,25.64,6.41,24.00,15
Dwaine Pretorius,CSK,https://sports.ndtv.com/cricket/players/1603-dwaine-pretorius-playerprofile,All-Rounder ,0.50,,,,,,,,,,,,,,,,,,,,,,,,,,,,,,,,,,
Narayan Jagadeesan,CSK,https://sports.ndtv.com/cricket/players/108567-narayan-jagadeesan-playerprofile,Wicket-Keeper ,0.20,Narayan Jagadeesan,"December 24, 1995 Coimbatore, Tamil Nadu","26 Years, 2 Months, 23 Days",India,Right Handed,,,43,41,7,1688,105* v RTW,1,17,171,48,49.64,127.20,32,17,2,0,,,,,,,,,,,,
KM Asif,CSK,https://sports.ndtv.com/cricket/players/108603-km-asif-playerprofile,Bowler ,0.20,KM Asif,"July 24, 1993 Edavanna,Malappuram","28 Years, 7 Months, 22 Days",India,Right Handed,Right-arm medium,,,,,,,,,,,,,,,,,,,,,,,,,,,,
Tushar Deshpande,CSK,https://sports.ndtv.com/cricket/players/107528-tushar-deshpande-playerprofile,Bowler ,0.20,Tushar Uday Deshpande,"May 15, 1995 Mumbai","26 Years, 10 Months, 1 Days",India,Left Handed,Right-arm medium,,,,,,,,,,,,,,,,,,,,,,,,,,,,
Subhranshu Senapati,CSK,https://sports.ndtv.com/cricket/players/113463-subhranshu-senapati-playerprofile,Batsman ,0.20,Subhranshu Pradeep Senapati,"December 30, 1996 Keonijhar, Orissa","25 Years, 2 Months, 16 Days",India,Right Handed,Right-arm medium,,,,,,,,,,,,,,,,,,,,,,,,,,,,
Bhagath Varma,CSK,https://sports.ndtv.com/cricket/players/113485-k-bhagath-varma-playerprofile,All-Rounder ,0.20,Kanumuri Bhagath Varma,"September 21, 1998 Hyderabad, Andrha Pradesh","23 Years, 5 Months, 24 Days",India,Right Handed,Off break,,,,,,,,,,,,,,,,,,,,,,,,,,,,
Simarjeet Singh,CSK,https://sports.ndtv.com/cricket/players/113456-simarjeet-singh-playerprofile,Bowler ,0.20,Simarjeet Singh,"January 17, 1998 Delhi","24 Years, 1 Months, 26 Days",India,Right Handed,Right-arm fast medium,,,,,,,,,,,,,,,,,,,,,,,,,,,,
Hari Nishaanth,CSK,https://sports.ndtv.com/cricket/players/113431-c-hari-nishanth-playerprofile,Batsman ,0.20,Chezhian Nishaanth,"August 16, 1996 Ooty (now Udagamandalam), Tamil Nadu","25 Years, 7 Months, -1 Days",India,Left Handed,Off break,T20 Domestic,38,38,2,1106,81* v ITT,0,11,79,63,30.72,128.75,14,0,3,2,7,14,0,101,7,2/16 v CSG,0,0,14.42,7.21,12.00,7
Mukesh Choudhary,CSK,https://sports.ndtv.com/cricket/players/113453-mukesh-choudhary-playerprofile,Bowler ,0.20,Mukesh Choudhary,"July 6, 1996 Pardodas, Bhilwara, Rajsthan","25 Years, 8 Months, 9 Days",India,Left Handed,Left-arm fast medium,,,,,,,,,,,,,,,,,,,,,,,,,,,,
Shreyas Iyer,KKR,https://sports.ndtv.com/cricket/players/64384-shreyas-santosh-iyer-playerprofile,Batsman ,12.25,Shreyas Santosh Iyer,"December 6, 1994 Mumbai","27 Years, 3 Months, 9 Days",India,Right Handed,Leg break googly,,36,32,10,809,74* v SL,0,6,70,29,36.77,141.43,11,0,3,1,,,,,,,,,,,,
Andre Russell,KKR,https://sports.ndtv.com/cricket/players/1536-andre-russell-playerprofile,All-Rounder ,12.00,Andre Dwayne Russell,"April 29, 1988 Jamaica","33 Years, 10 Months, 16 Days",West Indies,Right Handed,Right-arm fast,T20 International,67,57,19,741,51 v AUS,0,1,42,62,19.50,156.00,16,0,10,3,56,148.3,0,1364,39,3/43 v AUS,1,0,34.97,9.18,22.84,56
Nitish Rana,KKR,https://sports.ndtv.com/cricket/players/64080-nitish-rana-playerprofile,All-Rounder ,8.00,Nitish Rana,"December 27, 1993 Delhi","28 Years, 2 Months, 19 Days",India,Left Handed,Off break,,2,2,0,15,9 v SL,0,0,0,0,7.50,55.55,,,0,0,,,,,,,,,,,,
Varun Chakravarthy,KKR,https://sports.ndtv.com/cricket/players/110973-varun-chakravarthy-playerprofile,Bowler ,8.00,Varun Chakravarthy Vinod,"August 29, 1991 Bidar, Karnataka","30 Years, 6 Months, 18 Days",India,Right Handed,Leg break googly,T20 International,6,1,0,0,0 v SL,0,0,0,0,0.00,0.00,,,1,0,6,22.3,0,132,2,1/18 v SL,0,0,66.00,5.86,67.50,6
Venkatesh Iyer,KKR,https://sports.ndtv.com/cricket/players/110573-venkatesh-iyer-playerprofile,All-Rounder ,8.00,Venkatesh Rajasekaran Iyer,"December 25, 1994 Indore, Madhya Pradesh","27 Years, 2 Months, 21 Days",India,Left Handed,Right-arm medium,T20 International,9,7,3,133,35* v WI,0,0,15,5,33.25,162.19,4,0,0,0,4,9.1,0,75,5,2/23 v WI,0,0,15.00,8.18,11.00,4
Shivam Mavi,KKR,https://sports.ndtv.com/cricket/players/108563-shivam-mavi-playerprofile,All-Rounder ,7.25,Shivam Pankaj Mavi,"November 26, 1998 Noida, Uttar Pradesh","23 Years, 3 Months, 19 Days",India,Right Handed,Right-arm fast medium,,,,,,,,,,,,,,,,,,,,,,,,,,,,
Pat Cummins,KKR,https://sports.ndtv.com/cricket/players/1656-pat-cummins-playerprofile,All-Rounder ,7.25,Patrick James Cummins,"May 8, 1993 Westmead, Sydney","28 Years, 10 Months, 7 Days",Australia,Right Handed,Right-arm fast,T20 International,39,16,7,68,13* v ENG,0,0,3,4,7.55,130.76,12,0,5,1,39,142,3,1002,44,3/15 v PAK,2,0,22.77,7.05,19.36,39
Sunil Narine,KKR,https://sports.ndtv.com/cricket/players/1456-sunil-narine-playerprofile,All-Rounder ,6.00,Sunil Philip Narine,"May 26, 1988 Arima","33 Years, 9 Months, 20 Days",West Indies,Left Handed,Off break,T20 International,51,23,8,155,30 v PAK,0,0,13,5,10.33,112.31,7,0,4,4,49,183.4,1,1105,52,4/12 v NZ,7,0,21.25,6.01,21.19,49
Umesh Yadav,KKR,https://sports.ndtv.com/cricket/players/1258-umesh-yadav-playerprofile,Bowler ,2.00,Umeshkumar Tilak Yadav,"October 25, 1987 Nagpur, Maharashtra","34 Years, 4 Months, 22 Days",India,Right Handed,Right-arm fast,T20 International,7,1,0,2,2 v AUS,0,0,0,0,2.00,50.00,3,0,0,0,7,25,0,219,9,2/19 v IRE,0,0,24.33,8.76,16.66,7
Sam Billings,KKR,https://sports.ndtv.com/cricket/players/51406-samuel-william-billings-playerprofile,Wicket-Keeper ,2.00,Samuel William Billings,"June 15, 1991 Pembury, Kent","30 Years, 9 Months, 1 Days",England,Right Handed,,,37,33,5,478,87 v WI,0,2,41,16,17.07,129.89,17,2,2,3,,,,,,,,,,,,
Tim Southee,KKR,https://sports.ndtv.com/cricket/players/1032-tim-southee-playerprofile,Bowler ,1.50,Timothy Grant Southee,"December 11, 1988 Whangarei, Northland","33 Years, 3 Months, 4 Days",New Zealand,Right Handed,Right-arm medium fast,T20 International,92,36,14,249,39 v ENG,0,0,16,16,11.31,142.28,47,0,9,4,90,332.5,2,2729,111,5/18 v PAK,11,1,24.58,8.19,17.99,90
Alex Hales,KKR,https://sports.ndtv.com/cricket/players/1562-alex-hales-playerprofile,Batsman ,1.50,Alexander Daniel Hales,"January 3, 1989 Hillingdon, Middlesex","33 Years, 2 Months, 12 Days",England,Right Handed,Right-arm medium,,60,60,7,1644,116* v SL,1,8,175,55,31.01,136.65,32,0,,,,,,,,,,,,,,
Mohammad Nabi,KKR,https://sports.ndtv.com/cricket/players/1313-mohammad-nabi-playerprofile,All-Rounder ,1.00,Mohammad Nabi,"January 1, 1985 Loger, Afghanistan","37 Years, 2 Months, 14 Days",Afghanistan,Right Handed,Off break,T20 International,88,81,14,1539,89 v IRE,0,4,103,85,22.97,142.23,49,0,4,5,87,287.4,5,2074,74,4/10 v IRE,3,0,28.02,7.20,23.32,87
Ajinkya Rahane,KKR,https://sports.ndtv.com/cricket/players/965-ajinkya-rahane-playerprofile,Batsman ,1.00,Ajinkya Madhukar Rahane,"June 6, 1988 Ashwi-KD,Maharashtra","33 Years, 9 Months, 9 Days",India,Right Handed,Right-arm medium,,20,20,2,375,61 v ENG,0,1,32,6,20.83,113.29,16,0,2,1,,,,,,,,,,,,
Sheldon Jackson,KKR,https://sports.ndtv.com/cricket/players/27641-sheldon-philip-jackson-playerprofile,Wicket-Keeper ,0.60,,,,,,,,,,,,,,,,,,,,,,,,,,,,,,,,,,
Rinku Singh,KKR,https://sports.ndtv.com/cricket/players/106742-rinku-singh-playerprofile,Batsman ,0.55,Rinku Khanchand Singh,"October 12, 1997 Aligarh, Uttar Pradesh","24 Years, 5 Months, 3 Days",India,Left Handed,Off break,,,,,,,,,,,,,,,,,,,,,,,,,,,,
Ashok Sharma,KKR,https://sports.ndtv.com/cricket/players/115359-ashok-sharma-playerprofile,Bowler ,0.55,Ashok Sharma,"June 17, 2002 ","19 Years, 8 Months, 28 Days",India,Right Handed,Right-arm medium fast,,,,,,,,,,,,,,,,,,,,,,,,,,,,
Chamika Karunaratne,KKR,https://sports.ndtv.com/cricket/players/64316-chamika-karunaratne-playerprofile,All-Rounder ,0.50,Chamika Karunaratne,"May 29, 1996","25 Years, 9 Months, 17 Days",Sri Lanka,,,Cricket,,,,,,,,,,,,,,,,,,,,,,,,,,,
Abhijeet Tomar,KKR,https://sports.ndtv.com/cricket/players/108580-abhijeet-tomar-playerprofile,Batsman ,0.40,Abhijeet Tomar,"March 14, 1995 Jaipur, Rajasthan","27 Years, 0 Months, 2 Days",India,Right Handed,Off break,,,,,,,,,,,,,,,,,,,,,,,,,,,,
Anukul Roy,KKR,https://sports.ndtv.com/cricket/players/108575-anukul-roy-playerprofile,All-Rounder ,0.20,Anukul Sudhakar Roy,"November 30, 1998 Saraikela Kharswan, Jharkhand","23 Years, 3 Months, 15 Days",India,Left Handed,Slow left-arm orthodox,,,,,,,,,,,,,,,,,,,,,,,,,,,,
Pratham Singh,KKR,https://sports.ndtv.com/cricket/players/107537-pratham-singh-playerprofile,Batsman ,0.20,Pratham Singh,"August 31, 1992 Delhi","29 Years, 6 Months, 15 Days",India,Left Handed,Off break,,,,,,,,,,,,,,,,,,,,,,,,,,,,
Rasikh Dar,KKR,https://sports.ndtv.com/cricket/players/110974-rasikh-salam-playerprofile,Bowler ,0.20,Rasikh Salam Dar,"April 5, 2001 ","20 Years, 11 Months, 10 Days",India,Right Handed,Right-arm medium,,,,,,,,,,,,,,,,,,,,,,,,,,,,
Ramesh Kumar,KKR,https://sports.ndtv.com/cricket/players/115360-ramesh-kumar-playerprofile,Batsman ,0.20,Ramesh Kumar,"January 1, 1999 ","23 Years, 2 Months, 14 Days",India,Left Handed,,,,,,,,,,,,,,,,,,,,,,,,,,,,,
Aman Khan,KKR,https://sports.ndtv.com/cricket/players/115300-aman-khan-playerprofile,All-Rounder ,0.20,Aman Hakim Khan,"November 23, 1996 ","25 Years, 3 Months, 22 Days",India,Right Handed,Right-arm medium,T20 Domestic,8,6,2,224,85 v TKMNE,0,2,19,14,56.00,172.30,4,0,0,0,2,2,0,21,1,1/9 v OMN,0,0,21.00,10.50,12.00,2
Baba Indrajith,KKR,https://sports.ndtv.com/cricket/players/64703-baba-indrajith-playerprofile,Wicket-Keeper ,0.20,Baba Indrajith,"July 8, 1994 Madras (now Chennai)","27 Years, 8 Months, 7 Days",India,Right Handed,Leg break googly,,28,26,6,595,70 v SMP,0,3,51,17,29.75,117.58,16,2,1,0,,,,,,,,,,,,
Rishabh Pant,DC,https://sports.ndtv.com/cricket/players/107048-rishabh-pant-playerprofile,Wicket-Keeper ,16.00,Rishabh Rajendra Pant,"October 4, 1997 Haridwar, Uttarakhand","24 Years, 5 Months, 11 Days",India,Left Handed,,,43,37,9,683,65* v WI,0,3,51,29,24.39,125.78,13,7,3,2,,,,,,,,,,,,
Shardul Thakur,DC,https://sports.ndtv.com/cricket/players/63779-shardul-narendra-thakur-playerprofile,Bowler ,10.75,Shardul Narendra Thakur,"October 16, 1991 Palghar, Maharashtra","30 Years, 5 Months, 0 Days",India,Right Handed,Right-arm medium fast,T20 International,25,6,3,69,22* v SL,0,0,5,4,23.00,181.57,7,0,2,0,24,84.2,0,772,33,4/27 v SL,3,0,23.39,9.15,15.33,24
Axar Patel,DC,https://sports.ndtv.com/cricket/players/63024-akshar-rajeshbhai-patel-playerprofile,All-Rounder ,9.00,Axar Rajeshbhai Patel,"January 20, 1994 Anand, Gujarat","28 Years, 1 Months, 23 Days",India,Left Handed,Slow left-arm orthodox,T20 International,15,10,6,78,20* v ZIM,0,0,4,3,19.50,125.80,5,0,0,0,15,53,0,355,13,3/9 v NZ,2,0,27.30,6.69,24.46,15
Prithvi Shaw,DC,https://sports.ndtv.com/cricket/players/107533-prithvi-shaw-playerprofile,Batsman ,7.50,Prithvi Pankaj Shaw,"November 9, 1999 Thane, Maharashtra","22 Years, 4 Months, 7 Days",India,Right Handed,Off break,,1,1,0,0,0 v SL,0,0,0,0,0.00,0.00,1,0,1,0,,,,,,,,,,,,
Mitchell Marsh,DC,https://sports.ndtv.com/cricket/players/1425-mitchell-marsh-playerprofile,All-Rounder ,6.50,Mitchell Ross Marsh,"October 20, 1991 Attadale, Perth","30 Years, 4 Months, 27 Days",Australia,Right Handed,Right-arm medium,T20 International,36,35,7,885,77* v NZ,0,6,70,35,31.60,125.00,13,0,2,0,20,40,0,306,15,3/24 v WI,1,0,20.40,7.65,16.00,20
Anrich Nortje,DC,https://sports.ndtv.com/cricket/players/64072-anrich-nortje-playerprofile,Bowler ,6.50,Anrich Arno Nortje,"November 16, 1993 ","28 Years, 4 Months, -1 Days",South Africa,Right Handed,Right-arm fast,T20 International,16,5,2,8,4* v WI,0,0,0,0,2.66,40.00,4,0,2,1,16,58.2,0,394,18,3/8 v BAN,1,0,21.88,6.75,19.44,16
David Warner,DC,https://sports.ndtv.com/cricket/players/1285-david-warner-playerprofile,Batsman ,6.25,David Andrew Warner,"October 27, 1986 Paddington, New South Wales","35 Years, 4 Months, 19 Days",Australia,Left Handed,Leg break,,88,88,10,2554,100* v SL,1,21,250,99,32.74,140.48,47,0,6,4,,,,,,,,,,,,
Khaleel Ahmed,DC,https://sports.ndtv.com/cricket/players/107233-khaleel-ahmed-playerprofile,Bowler ,5.25,Khaleel Khursheed Ahmed,"December 5, 1997 Tonk, Rajasthan","24 Years, 3 Months, 10 Days",India,Right Handed,Left-arm medium,T20 International,14,1,1,1,1* v NZ,0,0,0,0,,100.00,3,0,0,0,14,52,1,459,13,2/27 v NZ,0,0,35.30,8.82,24.00,14
Chetan Sakariya,DC,https://sports.ndtv.com/cricket/players/110598-chetan-sakariya-playerprofile,Bowler ,4.20,Chetan Sakariya,"February 28, 1998 Bhavnagar","24 Years, 0 Months, 15 Days",India,Left Handed,Left-arm medium fast,T20 International,2,1,1,5,5* v SL,0,0,0,0,,55.55,,,0,0,1,3.4,0,34,1,1/34 v SL,0,0,34.00,9.27,22.00,1
Rovman Powell,DC,https://sports.ndtv.com/cricket/players/107485-rovman-powell-playerprofile,Batsman ,2.80,Rovman Powell,"July 23, 1993 ","28 Years, 7 Months, 23 Days",West Indies,Right Handed,Right-arm medium fast,T20 International,39,31,6,619,107 v ENG,1,3,41,37,24.76,138.78,18,0,2,0,7,14,0,123,4,2/31 v SL,0,0,30.75,8.78,21.00,7
Kuldeep Yadav,DC,https://sports.ndtv.com/cricket/players/63624-kuldeep-yadav-playerprofile,Bowler ,2.00,Kuldeep Yadav,"December 14, 1994 Kanpur, Uttar Pradesh","27 Years, 3 Months, 1 Days",India,Left Handed,Slow left-arm chinaman,T20 International,24,3,2,43,23* v SL,0,0,2,0,43.00,89.58,8,0,0,0,23,85.3,1,605,41,5/24 v ENG,3,1,14.75,7.07,12.51,23
Srikar Bharat,DC,https://sports.ndtv.com/cricket/players/60643-kona-srikar-bharat-playerprofile,Wicket-Keeper ,2.00,Kona Srikar Bharat,"October 3, 1993 Visakhapatnam, Andhra Pradesh","28 Years, 5 Months, 12 Days",India,Right Handed,,,10,10,0,324,80 v CHXI,0,3,30,19,32.40,147.27,9,2,1,1,,,,,,,,,,,,
Mustafizur Rahman,DC,https://sports.ndtv.com/cricket/players/64306-mustafizur-rahman-playerprofile,Bowler ,2.00,Mustafizur Rahman,"September 6, 1995 Satkhira","26 Years, 6 Months, 10 Days",Bangladesh,Left Handed,Left-arm fast medium,T20 International,63,22,7,59,15 v AFG,0,0,3,3,3.93,69.41,13,0,9,2,63,225.4,6,1710,87,5/22 v NZ,8,1,19.65,7.57,15.56,63
Kamlesh Nagarkoti,DC,https://sports.ndtv.com/cricket/players/108584-kamlesh-nagarkoti-playerprofile,All-Rounder ,1.10,Kamlesh Lachham Nagarkoti,"December 28, 1999 Barmer, Rajasthan","22 Years, 2 Months, 19 Days",India,Right Handed,Right-arm fast,,,,,,,,,,,,,,,,,,,,,,,,,,,,
Mandeep Singh,DC,https://sports.ndtv.com/cricket/players/1429-mandeep-singh-playerprofile,Batsman ,1.10,Mandeep Singh,"December 18, 1991 Jalandhar, Punjab","30 Years, 2 Months, 29 Days",India,Right Handed,Right-arm medium,,3,3,1,87,52* v ZIM,0,1,11,1,43.50,119.17,1,0,0,0,,,,,,,,,,,,
Lalit Yadav,DC,https://sports.ndtv.com/cricket/players/108549-lalit-yadav-playerprofile,All-Rounder ,0.65,Lalit Yadav,"January 3, 1997 Delhi","25 Years, 2 Months, 12 Days",India,Right Handed,Off break,,,,,,,,,,,,,,,,,,,,,,,,,,,,
Yash Dhull,DC,https://sports.ndtv.com/cricket/players/114978-yash-dhull-playerprofile,All-Rounder ,0.50,Yash Vijay Dhull,"November 11, 2002 ","19 Years, 4 Months, 4 Days",India,Right Handed,Off break,,,,,,,,,,,,,,,,,,,,,,,,,,,,
Lungi Ngidi,DC,https://sports.ndtv.com/cricket/players/64640-lungisani-ngidi-playerprofile,Bowler ,0.50,Lungisani True-man Ngidi,"March 29, 1996 Durban, Natal","25 Years, 11 Months, 17 Days",South Africa,Right Handed,Right-arm fast medium,T20 International,23,5,1,7,4 v SL,0,0,0,0,1.75,41.17,3,0,2,0,23,78.5,0,706,36,4/19 v SL,4,0,19.61,8.95,13.13,23
Tim Seifert,DC,https://sports.ndtv.com/cricket/players/64292-tim-l-seifert-playerprofile,Wicket-Keeper ,0.50,Tim Louis Seifert,"December 14, 1994 Wanganui","27 Years, 3 Months, 1 Days",New Zealand,Right Handed,,,40,37,5,753,84 v IND,0,5,63,37,23.53,129.82,21,6,3,2,,,,,,,,,,,,
Pravin Dubey,DC,https://sports.ndtv.com/cricket/players/63981-praveen-dubey-playerprofile,All-Rounder ,0.50,Pravin Dubey,"July 1, 1993 Azamgarh, Uttar Pradesh","28 Years, 8 Months, 14 Days",India,Right Handed,Leg break googly,T20 Domestic,44,35,11,638,52 v MW,0,1,49,15,26.58,123.16,19,0,2,2,42,128.1,1,920,32,4/19 v SL,2,0,28.75,7.17,24.03,42
Ashwin Hebbar,DC,https://sports.ndtv.com/cricket/players/110570-ashwin-hebbar-playerprofile,Batsman ,0.20,Kattingeri Ashwin Hebbar,"November 15, 1995 Nellore, Andhra Pradesh","26 Years, 4 Months, 1 Days",India,Right Handed,Right-arm medium,T20 Domestic,11,11,5,283,62* v CGXI,0,2,9,15,47.16,128.05,6,0,0,0,11,42,0,345,15,4/34 v LGXI,1,0,23.00,8.21,16.80,11
Ripal Patel,DC,https://sports.ndtv.com/cricket/players/113434-ripal-patel-playerprofile,All-Rounder ,0.20,Ripal Vinubhai Patel,"September 28, 1995 Nadiad","26 Years, 5 Months, 18 Days",India,Right Handed,Right-arm medium fast,,,,,,,,,,,,,,,,,,,,,,,,,,,,
Vicky Ostwal,DC,https://sports.ndtv.com/cricket/players/114987-vicky-ostwal-playerprofile,All-Rounder ,0.20,Vicky Kanhaiya Ostwal,"September 1, 2002 ","19 Years, 6 Months, 14 Days",India,Right Handed,Slow left-arm orthodox,,,,,,,,,,,,,,,,,,,,,,,,,,,,
Sarfaraz Khan,DC,https://sports.ndtv.com/cricket/players/64385-sarfaraz-naushad-khan-playerprofile,All-Rounder ,0.20,Sarfaraz Naushad Khan,"October 22, 1997 Mumbai","24 Years, 4 Months, 24 Days",India,Right Handed,Leg break,,,,,,,,,,,,,,,,,,,,,,,,,,,,
KL Rahul,LSG,https://sports.ndtv.com/cricket/players/1688-lokesh-rahul-playerprofile,Wicket-keeper ,17.00,Kannaur Lokesh Rahul,"April 18, 1992 Bangalore, Karnataka","29 Years, 10 Months, 27 Days",India,Right Handed,,T20 Domestic,56,52,7,1831,110* v WI,2,16,164,73,40.68,142.49,20,1,4,0,1,1,0,8,0,0/8 v RS,0,0,,8.00,,1
Avesh Khan,LSG,https://sports.ndtv.com/cricket/players/64916-avesh-khan-playerprofile,Bowler ,10.00,Avesh Khan,"December 13, 1996 Indore, Madhya Pradesh","25 Years, 3 Months, 2 Days",India,Right Handed,Right-arm medium fast,T20 International,2,0,0,,,0,0,0,0,,0.00,,,0,0,2,8,1,65,2,2/23 v SL,0,0,32.50,8.12,24.00,2
Marcus Stoinis,LSG,https://sports.ndtv.com/cricket/players/42327-marcus-peter-stoinis-playerprofile,All-Rounder ,9.20,Marcus Peter Stoinis,"August 16, 1989 Perth","32 Years, 7 Months, -1 Days",Australia,Right Handed,Right-arm medium,T20 International,40,32,13,542,78 v NZ,0,1,50,19,28.52,136.86,15,0,2,2,22,53.2,0,449,11,2/27 v IND,0,0,40.81,8.41,29.09,22
Jason Holder,LSG,https://sports.ndtv.com/cricket/players/1446-jason-holder-playerprofile,All-Rounder ,8.75,Jason Omar Holder,"November 5, 1991 Barbados","30 Years, 4 Months, 11 Days",West Indies,Right Handed,Right-arm medium fast,T20 International,37,24,8,264,36 v ENG,0,0,14,16,16.50,121.10,19,0,3,1,34,123.4,1,1008,39,5/27 v ENG,1,1,25.84,8.15,19.02,34
Krunal Pandya,LSG,https://sports.ndtv.com/cricket/players/64213-krunal-himashu-pandya-playerprofile,All-Rounder ,8.25,Krunal Himashu Pandya,"March 24, 1991 Ahmedabad, Gujarat","30 Years, 11 Months, 23 Days",India,Left Handed,Slow left-arm orthodox,T20 International,19,10,5,124,26* v NZ,0,0,8,6,24.80,130.52,8,0,0,0,19,68.2,1,554,15,4/36 v AUS,1,0,36.93,8.10,27.33,19
Mark Wood,LSG,https://sports.ndtv.com/cricket/players/51060-mark-andrew-wood-playerprofile,Bowler ,7.50,Mark Andrew Wood,"January 11, 1990 Ashington, Northumberland","32 Years, 2 Months, 4 Days",England,Right Handed,Right-arm fast,T20 International,19,3,3,11,5* v NZ,0,0,1,0,,84.61,,,0,0,19,71.3,1,621,26,3/9 v WI,3,0,23.88,8.68,16.50,19
Quinton de Kock,LSG,https://sports.ndtv.com/cricket/players/1577-quinton-de-kock-playerprofile,Wicket-Keeper ,6.75,Quinton de Kock,"December 17, 1992 Johannesburg, Gauteng","29 Years, 2 Months, 29 Days",South Africa,Left Handed,,,61,61,7,1827,79* v IND,0,11,189,65,33.83,135.03,49,15,4,2,,,,,,,,,,,,
Deepak Hooda,LSG,https://sports.ndtv.com/cricket/players/64174-deepak-jagbir-hooda-playerprofile,All-Rounder ,5.75,Deepak Jagbir Hooda,"April 19, 1995 Rohtak","26 Years, 10 Months, 27 Days",India,Right Handed,Off break,T20 International,3,1,0,21,21 v SL,0,0,1,1,21.00,131.25,,,0,0,1,3,0,24,0,0/24 v SL,0,0,,8.00,,1
Manish Pandey,LSG,https://sports.ndtv.com/cricket/players/1045-manish-pandey-playerprofile,Batsman ,4.60,Manish Krishnanand Pandey,"September 10, 1989 Nainital, Uttaranchal","32 Years, 6 Months, 5 Days",India,Right Handed,Right-arm medium,T20 Domestic,39,33,17,709,79* v SA,0,3,49,19,44.31,126.15,9,0,3,1,2,4,0,43,0,0/11 v RS,0,0,,10.75,,2
Ravi Bishnoi,LSG,https://sports.ndtv.com/cricket/players/112652-ravi-bishnoi-playerprofile,Bowler ,4.00,Ravi Bishnoi,"September 5, 2000 Jodhpur, Rajasthan","21 Years, 6 Months, 10 Days",India,Right Handed,Leg break googly,T20 International,4,0,0,,,0,0,0,0,,0.00,2,0,0,0,4,16,0,108,4,2/17 v WI,0,0,27.00,6.75,24.00,4
Evin Lewis,LSG,https://sports.ndtv.com/cricket/players/1682-evin-lewis-playerprofile,Batsman ,2.00,,,,,,,,,,,,,,,,,,,,,,,,,,,,,,,,,,
Dushmantha Chameera,LSG,https://sports.ndtv.com/cricket/players/51217-pathira-vasan-dushmantha-chameera-playerprofile,Bowler ,2.00,Pathira Vasan Dushmantha Chameera,"January 11, 1992 Ragama","30 Years, 2 Months, 5 Days",Sri Lanka,Right Handed,Right-arm fast,T20 International,47,23,11,85,24* v IND,0,0,8,1,7.08,95.50,10,0,3,1,47,166.3,0,1328,47,4/17 v ENG,1,0,28.25,7.97,21.25,47
Krishnappa Gowtham,LSG,https://sports.ndtv.com/cricket/players/61268-krishnappa-gowtham-playerprofile,All-Rounder ,0.90,Krishnappa Gowtham,"October 20, 1988 Bangalore, Karnataka","33 Years, 4 Months, 26 Days",India,Right Handed,Off break,T20 Domestic,48,44,8,649,134* v SL,1,0,42,45,18.02,161.44,27,0,3,0,47,156,2,1070,73,8/15 v SL,6,1,14.65,6.85,12.82,47
Kyle Mayers,LSG,https://sports.ndtv.com/cricket/players/50992-kyle-r-mayers-playerprofile,All-Rounder ,0.50,Kyle Rico Mayers,"September 8, 1992 Barbados","29 Years, 6 Months, 7 Days",West Indies,Left Handed,Right-arm medium,T20 International,7,7,1,142,40 v ENG,0,0,15,8,23.66,143.43,5,0,0,0,1,1,0,10,0,0/10 v NZ,0,0,,10.00,,1
Shahbaz Nadeem,LSG,https://sports.ndtv.com/cricket/players/1395-shahbaz-nadeem-playerprofile,Bowler ,0.50,Shahbaz Nadeem,"August 12, 1989 Bokaro, Bihar, India","32 Years, 7 Months, 3 Days",India,Right Handed,Slow left-arm orthodox,,,,,,,,,,,,,,,,,,,,,,,,,,,,
Ankit Rajpoot,LSG,https://sports.ndtv.com/cricket/players/1717-ankit-rajpoot-playerprofile,Bowler ,0.50,Ankit Singh Rajpoot,"December 4, 1993 Kanpur","28 Years, 3 Months, 11 Days",India,Right Handed,Right-arm fast,,,,,,,,,,,,,,,,,,,,,,,,,,,,
Mohsin Khan,LSG,https://sports.ndtv.com/cricket/players/110599-mohsin-khan-playerprofile,Bowler ,0.20,Mohsin Khan,"July 15, 1998 Sambhal, Uttar Pradesh","23 Years, 8 Months, 0 Days",India,Left Handed,Left-arm medium fast,,,,,,,,,,,,,,,,,,,,,,,,,,,,
Ayush Badoni,LSG,https://sports.ndtv.com/cricket/players/113432-ayush-badoni-playerprofile,All-Rounder ,0.20,Ayush Badoni,"December 3, 1999 Delhi","22 Years, 3 Months, 13 Days",India,Right Handed,Off break,,,,,,,,,,,,,,,,,,,,,,,,,,,,
Karan Sharma,LSG,https://sports.ndtv.com/cricket/players/113438-karan-sharma-playerprofile,All-Rounder ,0.20,Karan Sharma,"October 31, 1998 ","23 Years, 4 Months, 15 Days",India,Right Handed,Off break,,,,,,,,,,,,,,,,,,,,,,,,,,,,
Mayank Yadav,LSG,https://sports.ndtv.com/cricket/players/115355-mayank-yadav-playerprofile,Bowler ,0.20,Mayank Prabhu Yadav,"June 17, 2002 New Delhi","19 Years, 8 Months, 28 Days",India,Right Handed,Right-arm medium fast,,,,,,,,,,,,,,,,,,,,,,,,,,,,
Manan Vohra,LSG,https://sports.ndtv.com/cricket/players/1689-manan-vohra-playerprofile,Batsman ,0.20,Manan Vohra,"July 18, 1993 Chandigarh, Punjab","28 Years, 7 Months, 28 Days",India,Right Handed,Right-arm medium,,,,,,,,,,,,,,,,,,,,,,,,,,,,
Rashid Khan,GT,https://sports.ndtv.com/cricket/players/107477-rashid-khan-playerprofile,Bowler ,15.00,Rashid Khan Arman,"September 20, 1998 Nangarhar","23 Years, 5 Months, 25 Days",Afghanistan,Right Handed,Leg break googly,T20 International,58,29,13,183,33 v WI,0,0,11,11,11.43,118.83,20,0,6,1,58,219.2,1,1357,105,5/3 v IRE,10,2,12.92,6.18,12.53,58
Hardik Pandya,GT,https://sports.ndtv.com/cricket/players/64177-hardik-himanshu-pandya-playerprofile,All-Rounder ,15.00,Hardik Himanshu Pandya,"October 11, 1993 Choryasi, Gujarat","28 Years, 5 Months, 4 Days",India,Right Handed,Right-arm medium fast,T20 International,54,36,9,553,42* v AUS,0,0,34,32,20.48,146.29,34,0,2,2,47,139.5,1,1151,42,4/38 v ENG,2,0,27.40,8.23,19.97,47
Lockie Ferguson,GT,https://sports.ndtv.com/cricket/players/64149-lachlan-hammond-ferguson-playerprofile,Bowler ,10.00,Lachlan Hammond Ferguson,"June 13, 1991 Auckland","30 Years, 9 Months, 3 Days",New Zealand,Right Handed,Right-arm fast,T20 International,15,2,0,15,14 v IND,0,0,0,2,7.50,136.36,4,0,0,0,15,54,0,385,25,5/21 v WI,2,1,15.40,7.12,12.96,15
Rahul Tewatia,GT,https://sports.ndtv.com/cricket/players/64845-rahul-tewatia-playerprofile,All-Rounder ,9.00,,,,,,,,,,,,,,,,,,,,,,,,,,,,,,,,,,
Shubman Gill,GT,https://sports.ndtv.com/cricket/players/108578-shubman-gill-playerprofile,Batsman ,8.00,Shubman Gill,"September 8, 1999 Fazilka, Punjab","22 Years, 6 Months, 8 Days",India,Right Handed,Off break,,,,,,,,,,,,,,,,,,,,,,,,,,,,
Mohammed Shami,GT,https://sports.ndtv.com/cricket/players/1580-shami-ahmed-playerprofile,Bowler ,6.25,Mohammed Shami Ahmed,"September 3, 1990 Amroha, Uttar Pradesh","31 Years, 6 Months, 12 Days",India,Right Handed,Right-arm fast,T20 International,17,2,2,0,0 v ENG,0,0,0,0,,0.00,1,0,2,0,17,59.3,1,568,18,3/15 v SCO,3,0,31.55,9.54,19.83,17
Yash Dayal,GT,https://sports.ndtv.com/cricket/players/115307-yash-dayal-playerprofile,Bowler ,3.20,Yash Dayal,"December 13, 1997 ","24 Years, 3 Months, 2 Days",India,Left Handed,Left-arm medium fast,,,,,,,,,,,,,,,,,,,,,,,,,,,,
Ravisrinivasan Sai Kishore,GT,https://sports.ndtv.com/cricket/players/107511-ravisrinivasan-sai-kishore-playerprofile,Bowler ,3.00,Ravisrinivasan Sai Kishore,"November 6, 1996 Chennai, Tamil Nadu","25 Years, 4 Months, 9 Days",India,Left Handed,Slow left-arm orthodox,T20 Domestic,40,16,4,111,31 v LKK,0,0,10,1,9.25,96.52,14,0,4,4,40,158,7,960,55,5/13 v ITT,2,1,17.45,6.07,17.23,40
David Miller,GT,https://sports.ndtv.com/cricket/players/1274-david-miller-playerprofile,Batsman ,3.00,David Andrew Miller,"June 10, 1989 Pietermaritzburg, Natal","32 Years, 9 Months, 5 Days",South Africa,Left Handed,Off break,,95,83,27,1786,101* v BAN,1,4,119,79,31.89,140.63,70,1,0,4,,,,,,,,,,,,
Abhinav Manohar,GT,https://sports.ndtv.com/cricket/players/64145-abhinav-manohar-playerprofile,Batsman ,2.60,Abhinav Manohar Sadarangani,"September 16, 1994 Bangalore","27 Years, 6 Months, -1 Days",India,Right Handed,Leg break googly,T20 Domestic,20,18,3,424,62* v BT,0,2,29,28,28.26,151.97,7,0,3,1,2,3,0,26,0,0/10 v BP,0,0,,8.66,,2
Alzarri Joseph,GT,https://sports.ndtv.com/cricket/players/64674-alzarri-joseph-playerprofile,Bowler ,2.40,Alzarri Shaheim Joseph,"November 20, 1996 Antigua","25 Years, 3 Months, 25 Days",West Indies,Right Handed,Right-arm fast medium,,,,,,,,,,,,,,,,,,,,,,,,,,,,
Matthew Wade,GT,https://sports.ndtv.com/cricket/players/1010-matthew-wade-playerprofile,Wicket-Keeper ,2.40,Matthew Scott Wade,"December 26, 1987 Hobart, Tasmania","34 Years, 2 Months, 21 Days",Australia,Left Handed,Right-arm medium,,60,45,9,789,80 v IND,0,3,57,32,21.91,129.34,38,4,1,4,,,,,,,,,,,,
Jason Roy,GT,https://sports.ndtv.com/cricket/players/16312-jason-jonathan-roy-playerprofile,Batsman ,2.00,Jason Jonathan Roy,"July 21, 1990 Durban, South Africa","31 Years, 7 Months, 25 Days",England,Right Handed,,,57,57,1,1438,78 v NZ,0,8,147,67,25.67,143.37,15,0,6,1,,,,,,,,,,,,
Wriddhiman Saha,GT,https://sports.ndtv.com/cricket/players/1088-wriddhiman-saha-playerprofile,Wicket-Keeper ,1.90,Wriddhiman Prasanta Saha,"October 24, 1984 Shaktigarh","37 Years, 4 Months, 22 Days",India,Right Handed,,,,,,,,,,,,,,,,,,,,,,,,,,,,,
Jayant Yadav,GT,https://sports.ndtv.com/cricket/players/60086-jayant-yadav-playerprofile,All-Rounder ,1.70,Jayant Yadav,"January 22, 1990 Delhi","32 Years, 1 Months, 21 Days",India,Right Handed,Off break,,,,,,,,,,,,,,,,,,,,,,,,,,,,
Vijay Shankar,GT,https://sports.ndtv.com/cricket/players/62197-vijay-shankar-playerprofile,All-Rounder ,1.40,Vijay Shankar,"January 26, 1991 Tirunelveli, Tamil Nadu","31 Years, 1 Months, 18 Days",India,Right Handed,Right-arm medium,T20 International,9,4,0,101,43 v NZ,0,0,11,5,25.25,138.35,2,0,0,0,6,21,0,191,5,2/32 v BAN,0,0,38.20,9.09,25.20,6
Dominic Drakes,GT,https://sports.ndtv.com/cricket/players/114349-dominic-drakes-playerprofile,All-Rounder ,1.10,Dominic Conneil Drakes,"February 6, 1998 ","24 Years, 1 Months, 6 Days",West Indies,Left Handed,Left-arm fast medium,T20 International,5,3,0,9,5 v PAK,0,0,2,0,3.00,90.00,,,1,0,5,16,0,177,3,1/37 v IND,0,0,59.00,11.06,32.00,5
Varun Aaron,GT,https://sports.ndtv.com/cricket/players/1252-varun-aaron-playerprofile,Bowler ,0.50,Varun Raymond Aaron,"October 29, 1989 Singhbhum, Bihar (now Jharkhand)","32 Years, 4 Months, 17 Days",India,Right Handed,Right-arm fast,,,,,,,,,,,,,,,,,,,,,,,,,,,,
Gurkeerat Singh Mann,GT,https://sports.ndtv.com/cricket/players/1661-gurkeerat-singh-playerprofile,All-Rounder ,0.50,Gurkeerat Rupinder Singh,"June 29, 1990 Muktsar, Punjab","31 Years, 8 Months, 16 Days",India,Right Handed,Off break,,,,,,,,,,,,,,,,,,,,,,,,,,,,
Noor Ahmad,GT,https://sports.ndtv.com/cricket/players/112545-noor-ahmad-playerprofile,Bowler ,0.30,Noor Ahmad Lakanwal,"January 3, 2005 ","17 Years, 2 Months, 12 Days",Afghanistan,Right Handed,Slow left-arm chinaman,,,,,,,,,,,,,,,,,,,,,,,,,,,,
Darshan Nalkande,GT,https://sports.ndtv.com/cricket/players/110589-darshan-nalkande-playerprofile,All-Rounder ,0.20,Darshan Girish Nalkande,"October 4, 1998 Wardha, Maharashtra","23 Years, 5 Months, 11 Days",India,Right Handed,Right-arm fast medium,,,,,,,,,,,,,,,,,,,,,,,,,,,,
Sai Sudharsan,GT,https://sports.ndtv.com/cricket/players/115302-sai-sudharsan-playerprofile,All-Rounder ,0.20,Bhardwaj Sai Sudharsan,"October 15, 2001 ","20 Years, 5 Months, 0 Days",India,Left Handed,Leg break,,8,8,3,358,87 v SS,0,5,30,11,71.60,143.77,7,0,1,2,,,,,,,,,,,,
Pradeep Sangwan,GT,https://sports.ndtv.com/cricket/players/1047-pradeep-sangwan-playerprofile,All-Rounder ,0.20,Pradeep Jaibeer Sangwan,"November 5, 1990 Rasiwas, Delhi","31 Years, 4 Months, 10 Days",India,Right Handed,Left-arm medium,,,,,,,,,,,,,,,,,,,,,,,,,,,,
